{"__symbolic":"module","version":4,"metadata":{"DragDrop":{"__symbolic":"class","decorators":[{"__symbolic":"call","expression":{"__symbolic":"reference","module":"@angular/core","name":"Injectable","line":24,"character":1},"arguments":[{"providedIn":"root"}]}],"members":{"__ctor__":[{"__symbolic":"constructor","parameterDecorators":[[{"__symbolic":"call","expression":{"__symbolic":"reference","module":"@angular/core","name":"Inject","line":27,"character":5},"arguments":[{"__symbolic":"reference","module":"@angular/common","name":"DOCUMENT","line":27,"character":12}]}],null,null,null],"parameters":[{"__symbolic":"reference","name":"any"},{"__symbolic":"reference","module":"@angular/core","name":"NgZone","line":28,"character":21},{"__symbolic":"reference","module":"@angular/cdk/scrolling","name":"ViewportRuler","line":29,"character":28},{"__symbolic":"reference","name":"DragDropRegistry"}]}],"createDrag":[{"__symbolic":"method"}],"createDropList":[{"__symbolic":"method"}]},"statics":{"ɵprov":{}}},"DragRef":{"__symbolic":"class","arity":1,"members":{"__ctor__":[{"__symbolic":"constructor","parameters":[{"__symbolic":"error","message":"Could not resolve type","line":345,"character":39,"context":{"typeName":"HTMLElement"},"module":"./drag-ref"},{"__symbolic":"reference","name":"any"},{"__symbolic":"error","message":"Could not resolve type","line":347,"character":23,"context":{"typeName":"Document"},"module":"./drag-ref"},{"__symbolic":"reference","module":"@angular/core","name":"NgZone","line":348,"character":21},{"__symbolic":"reference","module":"@angular/cdk/scrolling","name":"ViewportRuler","line":349,"character":28},{"__symbolic":"reference","name":"DragDropRegistry"}]}],"getPlaceholderElement":[{"__symbolic":"method"}],"getRootElement":[{"__symbolic":"method"}],"getVisibleElement":[{"__symbolic":"method"}],"withHandles":[{"__symbolic":"method"}],"withPreviewTemplate":[{"__symbolic":"method"}],"withPlaceholderTemplate":[{"__symbolic":"method"}],"withRootElement":[{"__symbolic":"method"}],"withBoundaryElement":[{"__symbolic":"method"}],"withParent":[{"__symbolic":"method"}],"dispose":[{"__symbolic":"method"}],"isDragging":[{"__symbolic":"method"}],"reset":[{"__symbolic":"method"}],"disableHandle":[{"__symbolic":"method"}],"enableHandle":[{"__symbolic":"method"}],"withDirection":[{"__symbolic":"method"}],"_withDropContainer":[{"__symbolic":"method"}],"getFreeDragPosition":[{"__symbolic":"method"}],"setFreeDragPosition":[{"__symbolic":"method"}],"withPreviewContainer":[{"__symbolic":"method"}],"_sortFromLastPointerPosition":[{"__symbolic":"method"}],"_removeSubscriptions":[{"__symbolic":"method"}],"_destroyPreview":[{"__symbolic":"method"}],"_destroyPlaceholder":[{"__symbolic":"method"}],"_endDragSequence":[{"__symbolic":"method"}],"_startDragSequence":[{"__symbolic":"method"}],"_initializeDragSequence":[{"__symbolic":"method"}],"_cleanupDragArtifacts":[{"__symbolic":"method"}],"_updateActiveDropContainer":[{"__symbolic":"method"}],"_createPreviewElement":[{"__symbolic":"method"}],"_animatePreviewToPlaceholder":[{"__symbolic":"method"}],"_createPlaceholderElement":[{"__symbolic":"method"}],"_getPointerPositionInElement":[{"__symbolic":"method"}],"_getPointerPositionOnPage":[{"__symbolic":"method"}],"_getConstrainedPointerPosition":[{"__symbolic":"method"}],"_updatePointerDirectionDelta":[{"__symbolic":"method"}],"_toggleNativeDragInteractions":[{"__symbolic":"method"}],"_removeRootElementListeners":[{"__symbolic":"method"}],"_applyRootElementTransform":[{"__symbolic":"method"}],"_applyPreviewTransform":[{"__symbolic":"method"}],"_getDragDistance":[{"__symbolic":"method"}],"_cleanupCachedDimensions":[{"__symbolic":"method"}],"_containInsideBoundaryOnResize":[{"__symbolic":"method"}],"_getDragStartDelay":[{"__symbolic":"method"}],"_updateOnScroll":[{"__symbolic":"method"}],"_getViewportScrollPosition":[{"__symbolic":"method"}],"_getShadowRoot":[{"__symbolic":"method"}],"_getPreviewInsertionPoint":[{"__symbolic":"method"}]}},"DragRefConfig":{"__symbolic":"interface"},"Point":{"__symbolic":"interface"},"PreviewContainer":{"__symbolic":"interface"},"DropListRef":{"__symbolic":"class","arity":1,"members":{"__ctor__":[{"__symbolic":"constructor","parameters":[{"__symbolic":"error","message":"Could not resolve type","line":207,"character":39,"context":{"typeName":"HTMLElement"},"module":"./drop-list-ref"},{"__symbolic":"reference","name":"DragDropRegistry"},{"__symbolic":"reference","name":"any"},{"__symbolic":"reference","module":"@angular/core","name":"NgZone","line":210,"character":21},{"__symbolic":"reference","module":"@angular/cdk/scrolling","name":"ViewportRuler","line":211,"character":28}]}],"dispose":[{"__symbolic":"method"}],"isDragging":[{"__symbolic":"method"}],"start":[{"__symbolic":"method"}],"enter":[{"__symbolic":"method"}],"exit":[{"__symbolic":"method"}],"drop":[{"__symbolic":"method"}],"withItems":[{"__symbolic":"method"}],"withDirection":[{"__symbolic":"method"}],"connectedTo":[{"__symbolic":"method"}],"withOrientation":[{"__symbolic":"method"}],"withScrollableParents":[{"__symbolic":"method"}],"getScrollableParents":[{"__symbolic":"method"}],"getItemIndex":[{"__symbolic":"method"}],"isReceiving":[{"__symbolic":"method"}],"_sortItem":[{"__symbolic":"method"}],"_startScrollingIfNecessary":[{"__symbolic":"method"}],"_stopScrolling":[{"__symbolic":"method"}],"_draggingStarted":[{"__symbolic":"method"}],"_cacheParentPositions":[{"__symbolic":"method"}],"_cacheItemPositions":[{"__symbolic":"method"}],"_reset":[{"__symbolic":"method"}],"_getSiblingOffsetPx":[{"__symbolic":"method"}],"_getItemOffsetPx":[{"__symbolic":"method"}],"_shouldEnterAsFirstChild":[{"__symbolic":"method"}],"_getItemIndexFromPointerPosition":[{"__symbolic":"method"}],"_cacheItems":[{"__symbolic":"method"}],"_isOverContainer":[{"__symbolic":"method"}],"_getSiblingContainerFromPosition":[{"__symbolic":"method"}],"_canReceive":[{"__symbolic":"method"}],"_startReceiving":[{"__symbolic":"method"}],"_stopReceiving":[{"__symbolic":"method"}],"_listenToScrollEvents":[{"__symbolic":"method"}],"_getShadowRoot":[{"__symbolic":"method"}],"_notifyReceivingSiblings":[{"__symbolic":"method"}]}},"CDK_DRAG_PARENT":{"__symbolic":"new","expression":{"__symbolic":"reference","module":"@angular/core","name":"InjectionToken","line":16,"character":35},"arguments":["CDK_DRAG_PARENT"]},"CdkDragStart":{"__symbolic":"interface"},"CdkDragRelease":{"__symbolic":"interface"},"CdkDragEnd":{"__symbolic":"interface"},"CdkDragEnter":{"__symbolic":"interface"},"CdkDragExit":{"__symbolic":"interface"},"CdkDragDrop":{"__symbolic":"interface"},"CdkDragMove":{"__symbolic":"interface"},"CdkDragSortEvent":{"__symbolic":"interface"},"moveItemInArray":{"__symbolic":"function"},"transferArrayItem":{"__symbolic":"function"},"copyArrayItem":{"__symbolic":"function"},"DragDropModule":{"__symbolic":"class","decorators":[{"__symbolic":"call","expression":{"__symbolic":"reference","module":"@angular/core","name":"NgModule","line":18,"character":1},"arguments":[{"declarations":[{"__symbolic":"reference","name":"CdkDropList"},{"__symbolic":"reference","name":"CdkDropListGroup"},{"__symbolic":"reference","name":"CdkDrag"},{"__symbolic":"reference","name":"CdkDragHandle"},{"__symbolic":"reference","name":"CdkDragPreview"},{"__symbolic":"reference","name":"CdkDragPlaceholder"}],"exports":[{"__symbolic":"reference","module":"@angular/cdk/scrolling","name":"CdkScrollableModule","line":28,"character":4},{"__symbolic":"reference","name":"CdkDropList"},{"__symbolic":"reference","name":"CdkDropListGroup"},{"__symbolic":"reference","name":"CdkDrag"},{"__symbolic":"reference","name":"CdkDragHandle"},{"__symbolic":"reference","name":"CdkDragPreview"},{"__symbolic":"reference","name":"CdkDragPlaceholder"}],"providers":[{"__symbolic":"reference","name":"DragDrop"}]}]}],"members":{}},"DragDropRegistry":{"__symbolic":"class","arity":2,"decorators":[{"__symbolic":"call","expression":{"__symbolic":"reference","module":"@angular/core","name":"Injectable","line":27,"character":1},"arguments":[{"providedIn":"root"}]}],"members":{"__ctor__":[{"__symbolic":"constructor","parameterDecorators":[null,[{"__symbolic":"call","expression":{"__symbolic":"reference","module":"@angular/core","name":"Inject","line":73,"character":5},"arguments":[{"__symbolic":"reference","module":"@angular/common","name":"DOCUMENT","line":73,"character":12}]}]],"parameters":[{"__symbolic":"reference","module":"@angular/core","name":"NgZone","line":72,"character":21},{"__symbolic":"reference","name":"any"}]}],"registerDropContainer":[{"__symbolic":"method"}],"registerDragItem":[{"__symbolic":"method"}],"removeDropContainer":[{"__symbolic":"method"}],"removeDragItem":[{"__symbolic":"method"}],"startDragging":[{"__symbolic":"method"}],"stopDragging":[{"__symbolic":"method"}],"isDragging":[{"__symbolic":"method"}],"scrolled":[{"__symbolic":"method"}],"ngOnDestroy":[{"__symbolic":"method"}],"_clearGlobalListeners":[{"__symbolic":"method"}]},"statics":{"ɵprov":{}}},"ɵangular_material_src_cdk_drag_drop_drag_drop_a":{"__symbolic":"interface"},"CdkDropList":{"__symbolic":"class","arity":1,"decorators":[{"__symbolic":"call","expression":{"__symbolic":"reference","module":"@angular/core","name":"Directive","line":59,"character":1},"arguments":[{"selector":"[cdkDropList], cdk-drop-list","exportAs":"cdkDropList","providers":[{"provide":{"__symbolic":"reference","name":"CDK_DROP_LIST_GROUP"},"useValue":{"__symbolic":"reference","name":"undefined"}},{"provide":{"__symbolic":"reference","name":"CDK_DROP_LIST"},"useExisting":{"__symbolic":"reference","name":"CdkDropList"}}],"host":{"class":"cdk-drop-list","[attr.id]":"id","[class.cdk-drop-list-disabled]":"disabled","[class.cdk-drop-list-dragging]":"_dropListRef.isDragging()","[class.cdk-drop-list-receiving]":"_dropListRef.isReceiving()","$quoted$":["class","[attr.id]","[class.cdk-drop-list-disabled]","[class.cdk-drop-list-dragging]","[class.cdk-drop-list-receiving]"]}}]}],"members":{"connectedTo":[{"__symbolic":"property","decorators":[{"__symbolic":"call","expression":{"__symbolic":"reference","module":"@angular/core","name":"Input","line":93,"character":3},"arguments":["cdkDropListConnectedTo"]}]}],"data":[{"__symbolic":"property","decorators":[{"__symbolic":"call","expression":{"__symbolic":"reference","module":"@angular/core","name":"Input","line":97,"character":3},"arguments":["cdkDropListData"]}]}],"orientation":[{"__symbolic":"property","decorators":[{"__symbolic":"call","expression":{"__symbolic":"reference","module":"@angular/core","name":"Input","line":100,"character":3},"arguments":["cdkDropListOrientation"]}]}],"id":[{"__symbolic":"property","decorators":[{"__symbolic":"call","expression":{"__symbolic":"reference","module":"@angular/core","name":"Input","line":106,"character":3}}]}],"lockAxis":[{"__symbolic":"property","decorators":[{"__symbolic":"call","expression":{"__symbolic":"reference","module":"@angular/core","name":"Input","line":109,"character":3},"arguments":["cdkDropListLockAxis"]}]}],"disabled":[{"__symbolic":"property","decorators":[{"__symbolic":"call","expression":{"__symbolic":"reference","module":"@angular/core","name":"Input","line":112,"character":3},"arguments":["cdkDropListDisabled"]}]}],"sortingDisabled":[{"__symbolic":"property","decorators":[{"__symbolic":"call","expression":{"__symbolic":"reference","module":"@angular/core","name":"Input","line":126,"character":3},"arguments":["cdkDropListSortingDisabled"]}]}],"enterPredicate":[{"__symbolic":"property","decorators":[{"__symbolic":"call","expression":{"__symbolic":"reference","module":"@angular/core","name":"Input","line":133,"character":3},"arguments":["cdkDropListEnterPredicate"]}]}],"sortPredicate":[{"__symbolic":"property","decorators":[{"__symbolic":"call","expression":{"__symbolic":"reference","module":"@angular/core","name":"Input","line":137,"character":3},"arguments":["cdkDropListSortPredicate"]}]}],"autoScrollDisabled":[{"__symbolic":"property","decorators":[{"__symbolic":"call","expression":{"__symbolic":"reference","module":"@angular/core","name":"Input","line":141,"character":3},"arguments":["cdkDropListAutoScrollDisabled"]}]}],"autoScrollStep":[{"__symbolic":"property","decorators":[{"__symbolic":"call","expression":{"__symbolic":"reference","module":"@angular/core","name":"Input","line":145,"character":3},"arguments":["cdkDropListAutoScrollStep"]}]}],"dropped":[{"__symbolic":"property","decorators":[{"__symbolic":"call","expression":{"__symbolic":"reference","module":"@angular/core","name":"Output","line":149,"character":3},"arguments":["cdkDropListDropped"]}]}],"entered":[{"__symbolic":"property","decorators":[{"__symbolic":"call","expression":{"__symbolic":"reference","module":"@angular/core","name":"Output","line":155,"character":3},"arguments":["cdkDropListEntered"]}]}],"exited":[{"__symbolic":"property","decorators":[{"__symbolic":"call","expression":{"__symbolic":"reference","module":"@angular/core","name":"Output","line":162,"character":3},"arguments":["cdkDropListExited"]}]}],"sorted":[{"__symbolic":"property","decorators":[{"__symbolic":"call","expression":{"__symbolic":"reference","module":"@angular/core","name":"Output","line":166,"character":3},"arguments":["cdkDropListSorted"]}]}],"__ctor__":[{"__symbolic":"constructor","parameterDecorators":[null,null,null,null,[{"__symbolic":"call","expression":{"__symbolic":"reference","module":"@angular/core","name":"Optional","line":183,"character":7}}],[{"__symbolic":"call","expression":{"__symbolic":"reference","module":"@angular/core","name":"Optional","line":184,"character":7}},{"__symbolic":"call","expression":{"__symbolic":"reference","module":"@angular/core","name":"Inject","line":184,"character":19},"arguments":[{"__symbolic":"reference","name":"CDK_DROP_LIST_GROUP"}]},{"__symbolic":"call","expression":{"__symbolic":"reference","module":"@angular/core","name":"SkipSelf","line":184,"character":48}}],[{"__symbolic":"call","expression":{"__symbolic":"reference","module":"@angular/core","name":"Optional","line":186,"character":7}},{"__symbolic":"call","expression":{"__symbolic":"reference","module":"@angular/core","name":"Inject","line":186,"character":19},"arguments":[{"__symbolic":"reference","name":"CDK_DRAG_CONFIG"}]}]],"parameters":[{"__symbolic":"reference","name":"ElementRef","module":"@angular/core","arguments":[{"__symbolic":"error","message":"Could not resolve type","line":180,"character":33,"context":{"typeName":"HTMLElement"},"module":"./directives/drop-list"}]},{"__symbolic":"reference","name":"DragDrop"},{"__symbolic":"reference","module":"@angular/core","name":"ChangeDetectorRef","line":181,"character":34},{"__symbolic":"reference","module":"@angular/cdk/scrolling","name":"ScrollDispatcher","line":182,"character":33},{"__symbolic":"reference","module":"@angular/cdk/bidi","name":"Directionality","line":183,"character":33},{"__symbolic":"reference","name":"CdkDropListGroup"},{"__symbolic":"reference","name":"DragDropConfig"}]}],"addItem":[{"__symbolic":"method"}],"removeItem":[{"__symbolic":"method"}],"getSortedItems":[{"__symbolic":"method"}],"ngOnDestroy":[{"__symbolic":"method"}],"_setupInputSyncSubscription":[{"__symbolic":"method"}],"_handleEvents":[{"__symbolic":"method"}],"_assignDefaults":[{"__symbolic":"method"}],"_syncItemsWithRef":[{"__symbolic":"method"}]},"statics":{"_dropLists":[]}},"CDK_DROP_LIST":{"__symbolic":"new","expression":{"__symbolic":"reference","module":"@angular/core","name":"InjectionToken","line":56,"character":33},"arguments":["CdkDropList"]},"DragStartDelay":{"__symbolic":"interface"},"DragAxis":{"__symbolic":"interface"},"DragConstrainPosition":{"__symbolic":"interface"},"DropListOrientation":{"__symbolic":"interface"},"CDK_DRAG_CONFIG":{"__symbolic":"new","expression":{"__symbolic":"reference","module":"@angular/core","name":"InjectionToken","line":27,"character":35},"arguments":["CDK_DRAG_CONFIG"]},"DragDropConfig":{"__symbolic":"interface"},"CDK_DROP_LIST_GROUP":{"__symbolic":"new","expression":{"__symbolic":"reference","module":"@angular/core","name":"InjectionToken","line":17,"character":8},"arguments":["CdkDropListGroup"]},"CdkDropListGroup":{"__symbolic":"class","arity":1,"decorators":[{"__symbolic":"call","expression":{"__symbolic":"reference","module":"@angular/core","name":"Directive","line":25,"character":1},"arguments":[{"selector":"[cdkDropListGroup]","exportAs":"cdkDropListGroup","providers":[{"provide":{"__symbolic":"reference","name":"CDK_DROP_LIST_GROUP"},"useExisting":{"__symbolic":"reference","name":"CdkDropListGroup"}}]}]}],"members":{"disabled":[{"__symbolic":"property","decorators":[{"__symbolic":"call","expression":{"__symbolic":"reference","module":"@angular/core","name":"Input","line":35,"character":3},"arguments":["cdkDropListGroupDisabled"]}]}],"ngOnDestroy":[{"__symbolic":"method"}]}},"CdkDrag":{"__symbolic":"class","arity":1,"decorators":[{"__symbolic":"call","expression":{"__symbolic":"reference","module":"@angular/core","name":"Directive","line":61,"character":1},"arguments":[{"selector":"[cdkDrag]","exportAs":"cdkDrag","host":{"class":"cdk-drag","[class.cdk-drag-disabled]":"disabled","[class.cdk-drag-dragging]":"_dragRef.isDragging()","$quoted$":["class","[class.cdk-drag-disabled]","[class.cdk-drag-dragging]"]},"providers":[{"provide":{"__symbolic":"reference","name":"CDK_DRAG_PARENT"},"useExisting":{"__symbolic":"reference","name":"CdkDrag"}}]}]}],"members":{"_handles":[{"__symbolic":"property","decorators":[{"__symbolic":"call","expression":{"__symbolic":"reference","module":"@angular/core","name":"ContentChildren","line":79,"character":3},"arguments":[{"__symbolic":"reference","name":"CDK_DRAG_HANDLE"},{"descendants":true}]}]}],"_previewTemplate":[{"__symbolic":"property","decorators":[{"__symbolic":"call","expression":{"__symbolic":"reference","module":"@angular/core","name":"ContentChild","line":82,"character":3},"arguments":[{"__symbolic":"reference","name":"CDK_DRAG_PREVIEW"}]}]}],"_placeholderTemplate":[{"__symbolic":"property","decorators":[{"__symbolic":"call","expression":{"__symbolic":"reference","module":"@angular/core","name":"ContentChild","line":85,"character":3},"arguments":[{"__symbolic":"reference","name":"CDK_DRAG_PLACEHOLDER"}]}]}],"data":[{"__symbolic":"property","decorators":[{"__symbolic":"call","expression":{"__symbolic":"reference","module":"@angular/core","name":"Input","line":88,"character":3},"arguments":["cdkDragData"]}]}],"lockAxis":[{"__symbolic":"property","decorators":[{"__symbolic":"call","expression":{"__symbolic":"reference","module":"@angular/core","name":"Input","line":91,"character":3},"arguments":["cdkDragLockAxis"]}]}],"rootElementSelector":[{"__symbolic":"property","decorators":[{"__symbolic":"call","expression":{"__symbolic":"reference","module":"@angular/core","name":"Input","line":98,"character":3},"arguments":["cdkDragRootElement"]}]}],"boundaryElement":[{"__symbolic":"property","decorators":[{"__symbolic":"call","expression":{"__symbolic":"reference","module":"@angular/core","name":"Input","line":106,"character":3},"arguments":["cdkDragBoundary"]}]}],"dragStartDelay":[{"__symbolic":"property","decorators":[{"__symbolic":"call","expression":{"__symbolic":"reference","module":"@angular/core","name":"Input","line":112,"character":3},"arguments":["cdkDragStartDelay"]}]}],"freeDragPosition":[{"__symbolic":"property","decorators":[{"__symbolic":"call","expression":{"__symbolic":"reference","module":"@angular/core","name":"Input","line":118,"character":3},"arguments":["cdkDragFreeDragPosition"]}]}],"disabled":[{"__symbolic":"property","decorators":[{"__symbolic":"call","expression":{"__symbolic":"reference","module":"@angular/core","name":"Input","line":121,"character":3},"arguments":["cdkDragDisabled"]}]}],"constrainPosition":[{"__symbolic":"property","decorators":[{"__symbolic":"call","expression":{"__symbolic":"reference","module":"@angular/core","name":"Input","line":137,"character":3},"arguments":["cdkDragConstrainPosition"]}]}],"previewClass":[{"__symbolic":"property","decorators":[{"__symbolic":"call","expression":{"__symbolic":"reference","module":"@angular/core","name":"Input","line":140,"character":3},"arguments":["cdkDragPreviewClass"]}]}],"previewContainer":[{"__symbolic":"property","decorators":[{"__symbolic":"call","expression":{"__symbolic":"reference","module":"@angular/core","name":"Input","line":155,"character":3},"arguments":["cdkDragPreviewContainer"]}]}],"started":[{"__symbolic":"property","decorators":[{"__symbolic":"call","expression":{"__symbolic":"reference","module":"@angular/core","name":"Output","line":158,"character":3},"arguments":["cdkDragStarted"]}]}],"released":[{"__symbolic":"property","decorators":[{"__symbolic":"call","expression":{"__symbolic":"reference","module":"@angular/core","name":"Output","line":162,"character":3},"arguments":["cdkDragReleased"]}]}],"ended":[{"__symbolic":"property","decorators":[{"__symbolic":"call","expression":{"__symbolic":"reference","module":"@angular/core","name":"Output","line":166,"character":3},"arguments":["cdkDragEnded"]}]}],"entered":[{"__symbolic":"property","decorators":[{"__symbolic":"call","expression":{"__symbolic":"reference","module":"@angular/core","name":"Output","line":169,"character":3},"arguments":["cdkDragEntered"]}]}],"exited":[{"__symbolic":"property","decorators":[{"__symbolic":"call","expression":{"__symbolic":"reference","module":"@angular/core","name":"Output","line":173,"character":3},"arguments":["cdkDragExited"]}]}],"dropped":[{"__symbolic":"property","decorators":[{"__symbolic":"call","expression":{"__symbolic":"reference","module":"@angular/core","name":"Output","line":177,"character":3},"arguments":["cdkDragDropped"]}]}],"moved":[{"__symbolic":"property","decorators":[{"__symbolic":"call","expression":{"__symbolic":"reference","module":"@angular/core","name":"Output","line":184,"character":3},"arguments":["cdkDragMoved"]}]}],"__ctor__":[{"__symbolic":"constructor","parameterDecorators":[null,[{"__symbolic":"call","expression":{"__symbolic":"reference","module":"@angular/core","name":"Inject","line":204,"character":7},"arguments":[{"__symbolic":"reference","name":"CDK_DROP_LIST"}]},{"__symbolic":"call","expression":{"__symbolic":"reference","module":"@angular/core","name":"Optional","line":204,"character":30}},{"__symbolic":"call","expression":{"__symbolic":"reference","module":"@angular/core","name":"SkipSelf","line":204,"character":42}}],[{"__symbolic":"call","expression":{"__symbolic":"reference","module":"@angular/core","name":"Inject","line":209,"character":7},"arguments":[{"__symbolic":"reference","module":"@angular/common","name":"DOCUMENT","line":209,"character":14}]}],null,null,[{"__symbolic":"call","expression":{"__symbolic":"reference","module":"@angular/core","name":"Optional","line":211,"character":7}},{"__symbolic":"call","expression":{"__symbolic":"reference","module":"@angular/core","name":"Inject","line":211,"character":19},"arguments":[{"__symbolic":"reference","name":"CDK_DRAG_CONFIG"}]}],[{"__symbolic":"call","expression":{"__symbolic":"reference","module":"@angular/core","name":"Optional","line":212,"character":7}}],null,null,[{"__symbolic":"call","expression":{"__symbolic":"reference","module":"@angular/core","name":"Optional","line":214,"character":7}},{"__symbolic":"call","expression":{"__symbolic":"reference","module":"@angular/core","name":"Self","line":214,"character":19}},{"__symbolic":"call","expression":{"__symbolic":"reference","module":"@angular/core","name":"Inject","line":214,"character":27},"arguments":[{"__symbolic":"reference","name":"CDK_DRAG_HANDLE"}]}],[{"__symbolic":"call","expression":{"__symbolic":"reference","module":"@angular/core","name":"Optional","line":215,"character":7}},{"__symbolic":"call","expression":{"__symbolic":"reference","module":"@angular/core","name":"SkipSelf","line":215,"character":19}},{"__symbolic":"call","expression":{"__symbolic":"reference","module":"@angular/core","name":"Inject","line":215,"character":31},"arguments":[{"__symbolic":"reference","name":"CDK_DRAG_PARENT"}]}]],"parameters":[{"__symbolic":"reference","name":"ElementRef","module":"@angular/core","arguments":[{"__symbolic":"error","message":"Could not resolve type","line":202,"character":33,"context":{"typeName":"HTMLElement"},"module":"./directives/drag"}]},{"__symbolic":"reference","name":"ɵangular_material_src_cdk_drag_drop_drag_drop_a"},{"__symbolic":"reference","name":"any"},{"__symbolic":"reference","module":"@angular/core","name":"NgZone","line":209,"character":57},{"__symbolic":"reference","module":"@angular/core","name":"ViewContainerRef","line":210,"character":33},{"__symbolic":"reference","name":"DragDropConfig"},{"__symbolic":"reference","module":"@angular/cdk/bidi","name":"Directionality","line":212,"character":32},{"__symbolic":"reference","name":"DragDrop"},{"__symbolic":"reference","module":"@angular/core","name":"ChangeDetectorRef","line":213,"character":34},{"__symbolic":"reference","name":"CdkDragHandle"},{"__symbolic":"reference","name":"CdkDrag"}]}],"getPlaceholderElement":[{"__symbolic":"method"}],"getRootElement":[{"__symbolic":"method"}],"reset":[{"__symbolic":"method"}],"getFreeDragPosition":[{"__symbolic":"method"}],"ngAfterViewInit":[{"__symbolic":"method"}],"ngOnChanges":[{"__symbolic":"method"}],"ngOnDestroy":[{"__symbolic":"method"}],"_updateRootElement":[{"__symbolic":"method"}],"_getBoundaryElement":[{"__symbolic":"method"}],"_syncInputs":[{"__symbolic":"method"}],"_handleEvents":[{"__symbolic":"method"}],"_assignDefaults":[{"__symbolic":"method"}]},"statics":{"_dragInstances":[]}},"CDK_DRAG_HANDLE":{"__symbolic":"new","expression":{"__symbolic":"reference","module":"@angular/core","name":"InjectionToken","line":28,"character":35},"arguments":["CdkDragHandle"]},"CdkDragHandle":{"__symbolic":"class","decorators":[{"__symbolic":"call","expression":{"__symbolic":"reference","module":"@angular/core","name":"Directive","line":31,"character":1},"arguments":[{"selector":"[cdkDragHandle]","host":{"class":"cdk-drag-handle","$quoted$":["class"]},"providers":[{"provide":{"__symbolic":"reference","name":"CDK_DRAG_HANDLE"},"useExisting":{"__symbolic":"reference","name":"CdkDragHandle"}}]}]}],"members":{"disabled":[{"__symbolic":"property","decorators":[{"__symbolic":"call","expression":{"__symbolic":"reference","module":"@angular/core","name":"Input","line":46,"character":3},"arguments":["cdkDragHandleDisabled"]}]}],"__ctor__":[{"__symbolic":"constructor","parameterDecorators":[null,[{"__symbolic":"call","expression":{"__symbolic":"reference","module":"@angular/core","name":"Inject","line":56,"character":5},"arguments":[{"__symbolic":"reference","name":"CDK_DRAG_PARENT"}]},{"__symbolic":"call","expression":{"__symbolic":"reference","module":"@angular/core","name":"Optional","line":56,"character":30}},{"__symbolic":"call","expression":{"__symbolic":"reference","module":"@angular/core","name":"SkipSelf","line":56,"character":42}}]],"parameters":[{"__symbolic":"reference","name":"ElementRef","module":"@angular/core","arguments":[{"__symbolic":"error","message":"Could not resolve type","line":55,"character":31,"context":{"typeName":"HTMLElement"},"module":"./directives/drag-handle"}]},{"__symbolic":"reference","name":"any"}]}],"ngOnDestroy":[{"__symbolic":"method"}]}},"CDK_DRAG_PREVIEW":{"__symbolic":"new","expression":{"__symbolic":"reference","module":"@angular/core","name":"InjectionToken","line":16,"character":36},"arguments":["CdkDragPreview"]},"CdkDragPreview":{"__symbolic":"class","arity":1,"decorators":[{"__symbolic":"call","expression":{"__symbolic":"reference","module":"@angular/core","name":"Directive","line":22,"character":1},"arguments":[{"selector":"ng-template[cdkDragPreview]","providers":[{"provide":{"__symbolic":"reference","name":"CDK_DRAG_PREVIEW"},"useExisting":{"__symbolic":"reference","name":"CdkDragPreview"}}]}]}],"members":{"data":[{"__symbolic":"property","decorators":[{"__symbolic":"call","expression":{"__symbolic":"reference","module":"@angular/core","name":"Input","line":28,"character":3}}]}],"matchSize":[{"__symbolic":"property","decorators":[{"__symbolic":"call","expression":{"__symbolic":"reference","module":"@angular/core","name":"Input","line":31,"character":3}}]}],"__ctor__":[{"__symbolic":"constructor","parameters":[{"__symbolic":"reference","name":"TemplateRef","module":"@angular/core","arguments":[{"__symbolic":"error","message":"Could not resolve type","line":36,"character":46,"context":{"typeName":"T"},"module":"./directives/drag-preview"}]}]}]}},"CDK_DRAG_PLACEHOLDER":{"__symbolic":"new","expression":{"__symbolic":"reference","module":"@angular/core","name":"InjectionToken","line":15,"character":40},"arguments":["CdkDragPlaceholder"]},"CdkDragPlaceholder":{"__symbolic":"class","arity":1,"decorators":[{"__symbolic":"call","expression":{"__symbolic":"reference","module":"@angular/core","name":"Directive","line":21,"character":1},"arguments":[{"selector":"ng-template[cdkDragPlaceholder]","providers":[{"provide":{"__symbolic":"reference","name":"CDK_DRAG_PLACEHOLDER"},"useExisting":{"__symbolic":"reference","name":"CdkDragPlaceholder"}}]}]}],"members":{"data":[{"__symbolic":"property","decorators":[{"__symbolic":"call","expression":{"__symbolic":"reference","module":"@angular/core","name":"Input","line":27,"character":3}}]}],"__ctor__":[{"__symbolic":"constructor","parameters":[{"__symbolic":"reference","name":"TemplateRef","module":"@angular/core","arguments":[{"__symbolic":"error","message":"Could not resolve type","line":28,"character":46,"context":{"typeName":"T"},"module":"./directives/drag-placeholder"}]}]}]}}},"origins":{"DragDrop":"./drag-drop","DragRef":"./drag-ref","DragRefConfig":"./drag-ref","Point":"./drag-ref","PreviewContainer":"./drag-ref","DropListRef":"./drop-list-ref","CDK_DRAG_PARENT":"./drag-parent","CdkDragStart":"./drag-events","CdkDragRelease":"./drag-events","CdkDragEnd":"./drag-events","CdkDragEnter":"./drag-events","CdkDragExit":"./drag-events","CdkDragDrop":"./drag-events","CdkDragMove":"./drag-events","CdkDragSortEvent":"./drag-events","moveItemInArray":"./drag-utils","transferArrayItem":"./drag-utils","copyArrayItem":"./drag-utils","DragDropModule":"./drag-drop-module","DragDropRegistry":"./drag-drop-registry","ɵangular_material_src_cdk_drag_drop_drag_drop_a":"./directives/drop-list","CdkDropList":"./directives/drop-list","CDK_DROP_LIST":"./directives/drop-list","DragStartDelay":"./directives/config","DragAxis":"./directives/config","DragConstrainPosition":"./directives/config","DropListOrientation":"./directives/config","CDK_DRAG_CONFIG":"./directives/config","DragDropConfig":"./directives/config","CDK_DROP_LIST_GROUP":"./directives/drop-list-group","CdkDropListGroup":"./directives/drop-list-group","CdkDrag":"./directives/drag","CDK_DRAG_HANDLE":"./directives/drag-handle","CdkDragHandle":"./directives/drag-handle","CDK_DRAG_PREVIEW":"./directives/drag-preview","CdkDragPreview":"./directives/drag-preview","CDK_DRAG_PLACEHOLDER":"./directives/drag-placeholder","CdkDragPlaceholder":"./directives/drag-placeholder"},"importAs":"@angular/cdk/drag-drop"}