{"__symbolic":"module","version":4,"exports":[{"export":[{"name":"CdkScrollable","as":"CdkScrollable"},{"name":"ScrollDispatcher","as":"ScrollDispatcher"},{"name":"ViewportRuler","as":"ViewportRuler"}],"from":"@angular/cdk/scrolling"},{"export":[{"name":"ComponentType","as":"ComponentType"}],"from":"@angular/cdk/portal"}],"metadata":{"OverlayConfig":{"__symbolic":"class","members":{"__ctor__":[{"__symbolic":"constructor","parameters":[{"__symbolic":"reference","name":"OverlayConfig"}]}]}},"HorizontalConnectionPos":{"__symbolic":"interface"},"VerticalConnectionPos":{"__symbolic":"interface"},"OriginConnectionPosition":{"__symbolic":"interface"},"OverlayConnectionPosition":{"__symbolic":"interface"},"ConnectionPositionPair":{"__symbolic":"class","members":{"__ctor__":[{"__symbolic":"constructor","parameters":[{"__symbolic":"reference","name":"any"},{"__symbolic":"reference","name":"any"},{"__symbolic":"reference","name":"number"},{"__symbolic":"reference","name":"number"},{"__symbolic":"reference","name":"string"}]}]}},"ScrollingVisibility":{"__symbolic":"class","members":{}},"ConnectedOverlayPositionChange":{"__symbolic":"class","members":{"__ctor__":[{"__symbolic":"constructor","parameterDecorators":[null,[{"__symbolic":"call","expression":{"__symbolic":"reference","module":"@angular/core","name":"Optional","line":94,"character":7}}]],"parameters":[{"__symbolic":"reference","name":"ConnectionPositionPair"},{"__symbolic":"reference","name":"ScrollingVisibility"}]}]}},"validateVerticalPosition":{"__symbolic":"function"},"validateHorizontalPosition":{"__symbolic":"function"},"ScrollStrategy":{"__symbolic":"interface"},"ScrollStrategyOptions":{"__symbolic":"class","decorators":[{"__symbolic":"call","expression":{"__symbolic":"reference","module":"@angular/core","name":"Injectable","line":26,"character":1},"arguments":[{"providedIn":"root"}]}],"members":{"__ctor__":[{"__symbolic":"constructor","parameterDecorators":[null,null,null,[{"__symbolic":"call","expression":{"__symbolic":"reference","module":"@angular/core","name":"Inject","line":34,"character":5},"arguments":[{"__symbolic":"reference","module":"@angular/common","name":"DOCUMENT","line":34,"character":12}]}]],"parameters":[{"__symbolic":"reference","module":"@angular/cdk/scrolling","name":"ScrollDispatcher","line":31,"character":31},{"__symbolic":"reference","module":"@angular/cdk/scrolling","name":"ViewportRuler","line":32,"character":28},{"__symbolic":"reference","module":"@angular/core","name":"NgZone","line":33,"character":21},{"__symbolic":"reference","name":"any"}]}]},"statics":{"ɵprov":{}}},"RepositionScrollStrategy":{"__symbolic":"class","members":{"__ctor__":[{"__symbolic":"constructor","parameters":[{"__symbolic":"reference","module":"@angular/cdk/scrolling","name":"ScrollDispatcher","line":34,"character":31},{"__symbolic":"reference","module":"@angular/cdk/scrolling","name":"ViewportRuler","line":35,"character":28},{"__symbolic":"reference","module":"@angular/core","name":"NgZone","line":36,"character":21},{"__symbolic":"reference","name":"any"}]}],"attach":[{"__symbolic":"method"}],"enable":[{"__symbolic":"method"}],"disable":[{"__symbolic":"method"}],"detach":[{"__symbolic":"method"}]}},"RepositionScrollStrategyConfig":{"__symbolic":"interface"},"CloseScrollStrategy":{"__symbolic":"class","members":{"__ctor__":[{"__symbolic":"constructor","parameters":[{"__symbolic":"reference","module":"@angular/cdk/scrolling","name":"ScrollDispatcher","line":30,"character":31},{"__symbolic":"reference","module":"@angular/core","name":"NgZone","line":31,"character":21},{"__symbolic":"reference","module":"@angular/cdk/scrolling","name":"ViewportRuler","line":32,"character":28},{"__symbolic":"reference","name":"any"}]}],"attach":[{"__symbolic":"method"}],"enable":[{"__symbolic":"method"}],"disable":[{"__symbolic":"method"}],"detach":[{"__symbolic":"method"}]}},"NoopScrollStrategy":{"__symbolic":"class","members":{"enable":[{"__symbolic":"method"}],"disable":[{"__symbolic":"method"}],"attach":[{"__symbolic":"method"}]}},"BlockScrollStrategy":{"__symbolic":"class","members":{"__ctor__":[{"__symbolic":"constructor","parameters":[{"__symbolic":"reference","module":"@angular/cdk/scrolling","name":"ViewportRuler","line":24,"character":38},{"__symbolic":"reference","name":"any"}]}],"attach":[{"__symbolic":"method"}],"enable":[{"__symbolic":"method"}],"disable":[{"__symbolic":"method"}],"_canBeEnabled":[{"__symbolic":"method"}]}},"OverlayModule":{"__symbolic":"class","decorators":[{"__symbolic":"call","expression":{"__symbolic":"reference","module":"@angular/core","name":"NgModule","line":20,"character":1},"arguments":[{"imports":[{"__symbolic":"reference","module":"@angular/cdk/bidi","name":"BidiModule","line":21,"character":12},{"__symbolic":"reference","module":"@angular/cdk/portal","name":"PortalModule","line":21,"character":24},{"__symbolic":"reference","module":"@angular/cdk/scrolling","name":"ScrollingModule","line":21,"character":38}],"exports":[{"__symbolic":"reference","name":"CdkConnectedOverlay"},{"__symbolic":"reference","name":"CdkOverlayOrigin"},{"__symbolic":"reference","module":"@angular/cdk/scrolling","name":"ScrollingModule","line":22,"character":51}],"declarations":[{"__symbolic":"reference","name":"CdkConnectedOverlay"},{"__symbolic":"reference","name":"CdkOverlayOrigin"}],"providers":[{"__symbolic":"reference","name":"Overlay"},{"__symbolic":"reference","name":"ɵangular_material_src_cdk_overlay_overlay_c"}]}]}],"members":{}},"OverlayOutsideClickDispatcher":{"__symbolic":"class","extends":{"__symbolic":"reference","name":"ɵangular_material_src_cdk_overlay_overlay_d"},"decorators":[{"__symbolic":"call","expression":{"__symbolic":"reference","module":"@angular/core","name":"Injectable","line":19,"character":1},"arguments":[{"providedIn":"root"}]}],"members":{"__ctor__":[{"__symbolic":"constructor","parameterDecorators":[[{"__symbolic":"call","expression":{"__symbolic":"reference","module":"@angular/core","name":"Inject","line":24,"character":15},"arguments":[{"__symbolic":"reference","module":"@angular/common","name":"DOCUMENT","line":24,"character":22}]}],null],"parameters":[{"__symbolic":"reference","name":"any"},{"__symbolic":"reference","module":"@angular/cdk/platform","name":"Platform","line":24,"character":66}]}],"add":[{"__symbolic":"method"}],"detach":[{"__symbolic":"method"}]},"statics":{"ɵprov":{}}},"OverlayKeyboardDispatcher":{"__symbolic":"class","extends":{"__symbolic":"reference","name":"ɵangular_material_src_cdk_overlay_overlay_d"},"decorators":[{"__symbolic":"call","expression":{"__symbolic":"reference","module":"@angular/core","name":"Injectable","line":19,"character":1},"arguments":[{"providedIn":"root"}]}],"members":{"__ctor__":[{"__symbolic":"constructor","parameterDecorators":[[{"__symbolic":"call","expression":{"__symbolic":"reference","module":"@angular/core","name":"Inject","line":22,"character":15},"arguments":[{"__symbolic":"reference","module":"@angular/common","name":"DOCUMENT","line":22,"character":22}]}]],"parameters":[{"__symbolic":"reference","name":"any"}]}],"add":[{"__symbolic":"method"}],"detach":[{"__symbolic":"method"}]},"statics":{"ɵprov":{}}},"Overlay":{"__symbolic":"class","decorators":[{"__symbolic":"call","expression":{"__symbolic":"reference","module":"@angular/core","name":"Injectable","line":42,"character":1}}],"members":{"__ctor__":[{"__symbolic":"constructor","parameterDecorators":[null,null,null,null,null,null,null,[{"__symbolic":"call","expression":{"__symbolic":"reference","module":"@angular/core","name":"Inject","line":55,"character":15},"arguments":[{"__symbolic":"reference","module":"@angular/common","name":"DOCUMENT","line":55,"character":22}]}],null,null,null],"parameters":[{"__symbolic":"reference","name":"ScrollStrategyOptions"},{"__symbolic":"reference","name":"OverlayContainer"},{"__symbolic":"reference","module":"@angular/core","name":"ComponentFactoryResolver","line":50,"character":49},{"__symbolic":"reference","name":"OverlayPositionBuilder"},{"__symbolic":"reference","name":"OverlayKeyboardDispatcher"},{"__symbolic":"reference","module":"@angular/core","name":"Injector","line":53,"character":33},{"__symbolic":"reference","module":"@angular/core","name":"NgZone","line":54,"character":31},{"__symbolic":"reference","name":"any"},{"__symbolic":"reference","module":"@angular/cdk/bidi","name":"Directionality","line":56,"character":39},{"__symbolic":"reference","module":"@angular/common","name":"Location","line":57,"character":33},{"__symbolic":"reference","name":"OverlayOutsideClickDispatcher"}]}],"create":[{"__symbolic":"method"}],"position":[{"__symbolic":"method"}],"_createPaneElement":[{"__symbolic":"method"}],"_createHostElement":[{"__symbolic":"method"}],"_createPortalOutlet":[{"__symbolic":"method"}]}},"OverlayContainer":{"__symbolic":"class","decorators":[{"__symbolic":"call","expression":{"__symbolic":"reference","module":"@angular/core","name":"Injectable","line":37,"character":1},"arguments":[{"providedIn":"root"}]}],"members":{"__ctor__":[{"__symbolic":"constructor","parameterDecorators":[[{"__symbolic":"call","expression":{"__symbolic":"reference","module":"@angular/core","name":"Inject","line":42,"character":15},"arguments":[{"__symbolic":"reference","module":"@angular/common","name":"DOCUMENT","line":42,"character":22}]}],null],"parameters":[{"__symbolic":"reference","name":"any"},{"__symbolic":"reference","module":"@angular/cdk/platform","name":"Platform","line":42,"character":68}]}],"ngOnDestroy":[{"__symbolic":"method"}],"getContainerElement":[{"__symbolic":"method"}],"_createContainer":[{"__symbolic":"method"}]},"statics":{"ɵprov":{}}},"ɵangular_material_src_cdk_overlay_overlay_a":{"__symbolic":"new","expression":{"__symbolic":"reference","module":"@angular/core","name":"InjectionToken","line":73,"character":8},"arguments":["cdk-connected-overlay-scroll-strategy"]},"ɵangular_material_src_cdk_overlay_overlay_b":{"__symbolic":"function","parameters":["overlay"],"value":{"__symbolic":"error","message":"Lambda not supported","line":431,"character":9,"module":"./overlay-directives"}},"ɵangular_material_src_cdk_overlay_overlay_c":{"provide":{"__symbolic":"reference","name":"ɵangular_material_src_cdk_overlay_overlay_a"},"deps":[{"__symbolic":"reference","name":"Overlay"}],"useFactory":{"__symbolic":"reference","name":"ɵangular_material_src_cdk_overlay_overlay_b"}},"CdkOverlayOrigin":{"__symbolic":"class","decorators":[{"__symbolic":"call","expression":{"__symbolic":"reference","module":"@angular/core","name":"Directive","line":79,"character":1},"arguments":[{"selector":"[cdk-overlay-origin], [overlay-origin], [cdkOverlayOrigin]","exportAs":"cdkOverlayOrigin"}]}],"members":{"__ctor__":[{"__symbolic":"constructor","parameters":[{"__symbolic":"reference","module":"@angular/core","name":"ElementRef","line":86,"character":25}]}]}},"CdkConnectedOverlay":{"__symbolic":"class","decorators":[{"__symbolic":"call","expression":{"__symbolic":"reference","module":"@angular/core","name":"Directive","line":94,"character":1},"arguments":[{"selector":"[cdk-connected-overlay], [connected-overlay], [cdkConnectedOverlay]","exportAs":"cdkConnectedOverlay"}]}],"members":{"origin":[{"__symbolic":"property","decorators":[{"__symbolic":"call","expression":{"__symbolic":"reference","module":"@angular/core","name":"Input","line":116,"character":3},"arguments":["cdkConnectedOverlayOrigin"]}]}],"positions":[{"__symbolic":"property","decorators":[{"__symbolic":"call","expression":{"__symbolic":"reference","module":"@angular/core","name":"Input","line":119,"character":3},"arguments":["cdkConnectedOverlayPositions"]}]}],"positionStrategy":[{"__symbolic":"property","decorators":[{"__symbolic":"call","expression":{"__symbolic":"reference","module":"@angular/core","name":"Input","line":125,"character":3},"arguments":["cdkConnectedOverlayPositionStrategy"]}]}],"offsetX":[{"__symbolic":"property","decorators":[{"__symbolic":"call","expression":{"__symbolic":"reference","module":"@angular/core","name":"Input","line":128,"character":3},"arguments":["cdkConnectedOverlayOffsetX"]}]}],"offsetY":[{"__symbolic":"property","decorators":[{"__symbolic":"call","expression":{"__symbolic":"reference","module":"@angular/core","name":"Input","line":139,"character":3},"arguments":["cdkConnectedOverlayOffsetY"]}]}],"width":[{"__symbolic":"property","decorators":[{"__symbolic":"call","expression":{"__symbolic":"reference","module":"@angular/core","name":"Input","line":150,"character":3},"arguments":["cdkConnectedOverlayWidth"]}]}],"height":[{"__symbolic":"property","decorators":[{"__symbolic":"call","expression":{"__symbolic":"reference","module":"@angular/core","name":"Input","line":153,"character":3},"arguments":["cdkConnectedOverlayHeight"]}]}],"minWidth":[{"__symbolic":"property","decorators":[{"__symbolic":"call","expression":{"__symbolic":"reference","module":"@angular/core","name":"Input","line":156,"character":3},"arguments":["cdkConnectedOverlayMinWidth"]}]}],"minHeight":[{"__symbolic":"property","decorators":[{"__symbolic":"call","expression":{"__symbolic":"reference","module":"@angular/core","name":"Input","line":159,"character":3},"arguments":["cdkConnectedOverlayMinHeight"]}]}],"backdropClass":[{"__symbolic":"property","decorators":[{"__symbolic":"call","expression":{"__symbolic":"reference","module":"@angular/core","name":"Input","line":162,"character":3},"arguments":["cdkConnectedOverlayBackdropClass"]}]}],"panelClass":[{"__symbolic":"property","decorators":[{"__symbolic":"call","expression":{"__symbolic":"reference","module":"@angular/core","name":"Input","line":165,"character":3},"arguments":["cdkConnectedOverlayPanelClass"]}]}],"viewportMargin":[{"__symbolic":"property","decorators":[{"__symbolic":"call","expression":{"__symbolic":"reference","module":"@angular/core","name":"Input","line":168,"character":3},"arguments":["cdkConnectedOverlayViewportMargin"]}]}],"scrollStrategy":[{"__symbolic":"property","decorators":[{"__symbolic":"call","expression":{"__symbolic":"reference","module":"@angular/core","name":"Input","line":171,"character":3},"arguments":["cdkConnectedOverlayScrollStrategy"]}]}],"open":[{"__symbolic":"property","decorators":[{"__symbolic":"call","expression":{"__symbolic":"reference","module":"@angular/core","name":"Input","line":174,"character":3},"arguments":["cdkConnectedOverlayOpen"]}]}],"disableClose":[{"__symbolic":"property","decorators":[{"__symbolic":"call","expression":{"__symbolic":"reference","module":"@angular/core","name":"Input","line":177,"character":3},"arguments":["cdkConnectedOverlayDisableClose"]}]}],"transformOriginSelector":[{"__symbolic":"property","decorators":[{"__symbolic":"call","expression":{"__symbolic":"reference","module":"@angular/core","name":"Input","line":180,"character":3},"arguments":["cdkConnectedOverlayTransformOriginOn"]}]}],"hasBackdrop":[{"__symbolic":"property","decorators":[{"__symbolic":"call","expression":{"__symbolic":"reference","module":"@angular/core","name":"Input","line":183,"character":3},"arguments":["cdkConnectedOverlayHasBackdrop"]}]}],"lockPosition":[{"__symbolic":"property","decorators":[{"__symbolic":"call","expression":{"__symbolic":"reference","module":"@angular/core","name":"Input","line":188,"character":3},"arguments":["cdkConnectedOverlayLockPosition"]}]}],"flexibleDimensions":[{"__symbolic":"property","decorators":[{"__symbolic":"call","expression":{"__symbolic":"reference","module":"@angular/core","name":"Input","line":193,"character":3},"arguments":["cdkConnectedOverlayFlexibleDimensions"]}]}],"growAfterOpen":[{"__symbolic":"property","decorators":[{"__symbolic":"call","expression":{"__symbolic":"reference","module":"@angular/core","name":"Input","line":200,"character":3},"arguments":["cdkConnectedOverlayGrowAfterOpen"]}]}],"push":[{"__symbolic":"property","decorators":[{"__symbolic":"call","expression":{"__symbolic":"reference","module":"@angular/core","name":"Input","line":205,"character":3},"arguments":["cdkConnectedOverlayPush"]}]}],"backdropClick":[{"__symbolic":"property","decorators":[{"__symbolic":"call","expression":{"__symbolic":"reference","module":"@angular/core","name":"Output","line":210,"character":3}}]}],"positionChange":[{"__symbolic":"property","decorators":[{"__symbolic":"call","expression":{"__symbolic":"reference","module":"@angular/core","name":"Output","line":213,"character":3}}]}],"attach":[{"__symbolic":"property","decorators":[{"__symbolic":"call","expression":{"__symbolic":"reference","module":"@angular/core","name":"Output","line":216,"character":3}}]}],"detach":[{"__symbolic":"property","decorators":[{"__symbolic":"call","expression":{"__symbolic":"reference","module":"@angular/core","name":"Output","line":219,"character":3}}]}],"overlayKeydown":[{"__symbolic":"property","decorators":[{"__symbolic":"call","expression":{"__symbolic":"reference","module":"@angular/core","name":"Output","line":222,"character":3}}]}],"overlayOutsideClick":[{"__symbolic":"property","decorators":[{"__symbolic":"call","expression":{"__symbolic":"reference","module":"@angular/core","name":"Output","line":225,"character":3}}]}],"__ctor__":[{"__symbolic":"constructor","parameterDecorators":[null,null,null,[{"__symbolic":"call","expression":{"__symbolic":"reference","module":"@angular/core","name":"Inject","line":233,"character":7},"arguments":[{"__symbolic":"reference","name":"ɵangular_material_src_cdk_overlay_overlay_a"}]}],[{"__symbolic":"call","expression":{"__symbolic":"reference","module":"@angular/core","name":"Optional","line":234,"character":7}}]],"parameters":[{"__symbolic":"reference","name":"Overlay"},{"__symbolic":"reference","name":"TemplateRef","module":"@angular/core","arguments":[{"__symbolic":"reference","name":"any"}]},{"__symbolic":"reference","module":"@angular/core","name":"ViewContainerRef","line":232,"character":24},{"__symbolic":"reference","name":"any"},{"__symbolic":"reference","module":"@angular/cdk/bidi","name":"Directionality","line":234,"character":32}]}],"ngOnDestroy":[{"__symbolic":"method"}],"ngOnChanges":[{"__symbolic":"method"}],"_createOverlay":[{"__symbolic":"method"}],"_buildConfig":[{"__symbolic":"method"}],"_updatePositionStrategy":[{"__symbolic":"method"}],"_createPositionStrategy":[{"__symbolic":"method"}],"_attachOverlay":[{"__symbolic":"method"}],"_detachOverlay":[{"__symbolic":"method"}]}},"FullscreenOverlayContainer":{"__symbolic":"class","extends":{"__symbolic":"reference","name":"OverlayContainer"},"decorators":[{"__symbolic":"call","expression":{"__symbolic":"reference","module":"@angular/core","name":"Injectable","line":21,"character":1},"arguments":[{"providedIn":"root"}]}],"members":{"__ctor__":[{"__symbolic":"constructor","parameterDecorators":[[{"__symbolic":"call","expression":{"__symbolic":"reference","module":"@angular/core","name":"Inject","line":26,"character":15},"arguments":[{"__symbolic":"reference","module":"@angular/common","name":"DOCUMENT","line":26,"character":22}]}],null],"parameters":[{"__symbolic":"reference","name":"any"},{"__symbolic":"reference","module":"@angular/cdk/platform","name":"Platform","line":26,"character":58}]}],"ngOnDestroy":[{"__symbolic":"method"}],"_createContainer":[{"__symbolic":"method"}],"_adjustParentForFullscreenChange":[{"__symbolic":"method"}],"_addFullscreenChangeListener":[{"__symbolic":"method"}],"_getEventName":[{"__symbolic":"method"}],"getFullscreenElement":[{"__symbolic":"method"}]},"statics":{"ɵprov":{}}},"OverlayRef":{"__symbolic":"class","members":{"__ctor__":[{"__symbolic":"constructor","parameters":[{"__symbolic":"reference","module":"@angular/cdk/portal","name":"PortalOutlet","line":55,"character":29},{"__symbolic":"error","message":"Could not resolve type","line":56,"character":21,"context":{"typeName":"HTMLElement"},"module":"./overlay-ref"},{"__symbolic":"error","message":"Could not resolve type","line":57,"character":21,"context":{"typeName":"HTMLElement"},"module":"./overlay-ref"},{"__symbolic":"error","message":"Could not resolve type","line":58,"character":23,"context":{"typeName":"ImmutableObject"},"module":"./overlay-ref"},{"__symbolic":"reference","module":"@angular/core","name":"NgZone","line":59,"character":23},{"__symbolic":"reference","name":"OverlayKeyboardDispatcher"},{"__symbolic":"error","message":"Could not resolve type","line":61,"character":25,"context":{"typeName":"Document"},"module":"./overlay-ref"},{"__symbolic":"reference","module":"@angular/common","name":"Location","line":62,"character":25},{"__symbolic":"reference","name":"OverlayOutsideClickDispatcher"}]}],"attach":[{"__symbolic":"method"},{"__symbolic":"method"},{"__symbolic":"method"},{"__symbolic":"method"}],"detach":[{"__symbolic":"method"}],"dispose":[{"__symbolic":"method"}],"hasAttached":[{"__symbolic":"method"}],"backdropClick":[{"__symbolic":"method"}],"attachments":[{"__symbolic":"method"}],"detachments":[{"__symbolic":"method"}],"keydownEvents":[{"__symbolic":"method"}],"outsidePointerEvents":[{"__symbolic":"method"}],"getConfig":[{"__symbolic":"method"}],"updatePosition":[{"__symbolic":"method"}],"updatePositionStrategy":[{"__symbolic":"method"}],"updateSize":[{"__symbolic":"method"}],"setDirection":[{"__symbolic":"method"}],"addPanelClass":[{"__symbolic":"method"}],"removePanelClass":[{"__symbolic":"method"}],"getDirection":[{"__symbolic":"method"}],"updateScrollStrategy":[{"__symbolic":"method"}],"_updateElementDirection":[{"__symbolic":"method"}],"_updateElementSize":[{"__symbolic":"method"}],"_togglePointerEvents":[{"__symbolic":"method"}],"_attachBackdrop":[{"__symbolic":"method"}],"_updateStackingOrder":[{"__symbolic":"method"}],"detachBackdrop":[{"__symbolic":"method"}],"_toggleClasses":[{"__symbolic":"method"}],"_detachContentWhenStable":[{"__symbolic":"method"}],"_disposeScrollStrategy":[{"__symbolic":"method"}]}},"OverlaySizeConfig":{"__symbolic":"interface"},"OverlayPositionBuilder":{"__symbolic":"class","decorators":[{"__symbolic":"call","expression":{"__symbolic":"reference","module":"@angular/core","name":"Injectable","line":25,"character":1},"arguments":[{"providedIn":"root"}]}],"members":{"__ctor__":[{"__symbolic":"constructor","parameterDecorators":[null,[{"__symbolic":"call","expression":{"__symbolic":"reference","module":"@angular/core","name":"Inject","line":28,"character":46},"arguments":[{"__symbolic":"reference","module":"@angular/common","name":"DOCUMENT","line":28,"character":53}]}],null,null],"parameters":[{"__symbolic":"reference","module":"@angular/cdk/scrolling","name":"ViewportRuler","line":28,"character":30},{"__symbolic":"reference","name":"any"},{"__symbolic":"reference","module":"@angular/cdk/platform","name":"Platform","line":29,"character":25},{"__symbolic":"reference","name":"OverlayContainer"}]}],"global":[{"__symbolic":"method"}],"connectedTo":[{"__symbolic":"method"}],"flexibleConnectedTo":[{"__symbolic":"method"}]},"statics":{"ɵprov":{}}},"PositionStrategy":{"__symbolic":"interface"},"GlobalPositionStrategy":{"__symbolic":"class","members":{"attach":[{"__symbolic":"method"}],"top":[{"__symbolic":"method"}],"left":[{"__symbolic":"method"}],"bottom":[{"__symbolic":"method"}],"right":[{"__symbolic":"method"}],"width":[{"__symbolic":"method"}],"height":[{"__symbolic":"method"}],"centerHorizontally":[{"__symbolic":"method"}],"centerVertically":[{"__symbolic":"method"}],"apply":[{"__symbolic":"method"}],"dispose":[{"__symbolic":"method"}]}},"ConnectedPositionStrategy":{"__symbolic":"class","members":{"__ctor__":[{"__symbolic":"constructor","parameters":[{"__symbolic":"reference","name":"OriginConnectionPosition"},{"__symbolic":"reference","name":"OverlayConnectionPosition"},{"__symbolic":"reference","name":"ElementRef","module":"@angular/core","arguments":[{"__symbolic":"error","message":"Could not resolve type","line":55,"character":30,"context":{"typeName":"HTMLElement"},"module":"./position/connected-position-strategy"}]},{"__symbolic":"reference","module":"@angular/cdk/scrolling","name":"ViewportRuler","line":55,"character":59},{"__symbolic":"error","message":"Could not resolve type","line":55,"character":84,"context":{"typeName":"Document"},"module":"./position/connected-position-strategy"},{"__symbolic":"reference","module":"@angular/cdk/platform","name":"Platform","line":56,"character":16},{"__symbolic":"reference","name":"OverlayContainer"}]}],"attach":[{"__symbolic":"method"}],"dispose":[{"__symbolic":"method"}],"detach":[{"__symbolic":"method"}],"apply":[{"__symbolic":"method"}],"recalculateLastPosition":[{"__symbolic":"method"}],"withScrollableContainers":[{"__symbolic":"method"}],"withFallbackPosition":[{"__symbolic":"method"}],"withDirection":[{"__symbolic":"method"}],"withOffsetX":[{"__symbolic":"method"}],"withOffsetY":[{"__symbolic":"method"}],"withLockedPosition":[{"__symbolic":"method"}],"withPositions":[{"__symbolic":"method"}],"setOrigin":[{"__symbolic":"method"}]}},"ConnectedPosition":{"__symbolic":"interface"},"FlexibleConnectedPositionStrategy":{"__symbolic":"class","members":{"__ctor__":[{"__symbolic":"constructor","parameters":[{"__symbolic":"error","message":"Could not resolve type","line":138,"character":19,"context":{"typeName":"FlexibleConnectedPositionStrategyOrigin"},"module":"./position/flexible-connected-position-strategy"},{"__symbolic":"reference","module":"@angular/cdk/scrolling","name":"ViewportRuler","line":138,"character":84},{"__symbolic":"error","message":"Could not resolve type","line":139,"character":25,"context":{"typeName":"Document"},"module":"./position/flexible-connected-position-strategy"},{"__symbolic":"reference","module":"@angular/cdk/platform","name":"Platform","line":139,"character":54},{"__symbolic":"reference","name":"OverlayContainer"}]}],"attach":[{"__symbolic":"method"}],"apply":[{"__symbolic":"method"}],"detach":[{"__symbolic":"method"}],"dispose":[{"__symbolic":"method"}],"reapplyLastPosition":[{"__symbolic":"method"}],"withScrollableContainers":[{"__symbolic":"method"}],"withPositions":[{"__symbolic":"method"}],"withViewportMargin":[{"__symbolic":"method"}],"withFlexibleDimensions":[{"__symbolic":"method"}],"withGrowAfterOpen":[{"__symbolic":"method"}],"withPush":[{"__symbolic":"method"}],"withLockedPosition":[{"__symbolic":"method"}],"setOrigin":[{"__symbolic":"method"}],"withDefaultOffsetX":[{"__symbolic":"method"}],"withDefaultOffsetY":[{"__symbolic":"method"}],"withTransformOriginOn":[{"__symbolic":"method"}],"_getOriginPoint":[{"__symbolic":"method"}],"_getOverlayPoint":[{"__symbolic":"method"}],"_getOverlayFit":[{"__symbolic":"method"}],"_canFitWithFlexibleDimensions":[{"__symbolic":"method"}],"_pushOverlayOnScreen":[{"__symbolic":"method"}],"_applyPosition":[{"__symbolic":"method"}],"_setTransformOrigin":[{"__symbolic":"method"}],"_calculateBoundingBoxRect":[{"__symbolic":"method"}],"_setBoundingBoxStyles":[{"__symbolic":"method"}],"_resetBoundingBoxStyles":[{"__symbolic":"method"}],"_resetOverlayElementStyles":[{"__symbolic":"method"}],"_setOverlayElementStyles":[{"__symbolic":"method"}],"_getExactOverlayY":[{"__symbolic":"method"}],"_getExactOverlayX":[{"__symbolic":"method"}],"_getScrollVisibility":[{"__symbolic":"method"}],"_subtractOverflows":[{"__symbolic":"method"}],"_getNarrowedViewportRect":[{"__symbolic":"method"}],"_isRtl":[{"__symbolic":"method"}],"_hasExactPosition":[{"__symbolic":"method"}],"_getOffset":[{"__symbolic":"method"}],"_validatePositions":[{"__symbolic":"method"}],"_addPanelClasses":[{"__symbolic":"method"}],"_clearPanelClasses":[{"__symbolic":"method"}],"_getOriginRect":[{"__symbolic":"method"}]}},"FlexibleConnectedPositionStrategyOrigin":{"__symbolic":"interface"},"ɵangular_material_src_cdk_overlay_overlay_d":{"__symbolic":"class","decorators":[{"__symbolic":"call","expression":{"__symbolic":"reference","module":"@angular/core","name":"Injectable","line":18,"character":1},"arguments":[{"providedIn":"root"}]}],"members":{"__ctor__":[{"__symbolic":"constructor","parameterDecorators":[[{"__symbolic":"call","expression":{"__symbolic":"reference","module":"@angular/core","name":"Inject","line":27,"character":15},"arguments":[{"__symbolic":"reference","module":"@angular/common","name":"DOCUMENT","line":27,"character":22}]}]],"parameters":[{"__symbolic":"reference","name":"any"}]}],"ngOnDestroy":[{"__symbolic":"method"}],"add":[{"__symbolic":"method"}],"remove":[{"__symbolic":"method"}],"detach":[{"__symbolic":"method"}]},"statics":{"ɵprov":{}}}},"origins":{"OverlayConfig":"./overlay-config","HorizontalConnectionPos":"./position/connected-position","VerticalConnectionPos":"./position/connected-position","OriginConnectionPosition":"./position/connected-position","OverlayConnectionPosition":"./position/connected-position","ConnectionPositionPair":"./position/connected-position","ScrollingVisibility":"./position/connected-position","ConnectedOverlayPositionChange":"./position/connected-position","validateVerticalPosition":"./position/connected-position","validateHorizontalPosition":"./position/connected-position","ScrollStrategy":"./scroll/scroll-strategy","ScrollStrategyOptions":"./scroll/scroll-strategy-options","RepositionScrollStrategy":"./scroll/reposition-scroll-strategy","RepositionScrollStrategyConfig":"./scroll/reposition-scroll-strategy","CloseScrollStrategy":"./scroll/close-scroll-strategy","NoopScrollStrategy":"./scroll/noop-scroll-strategy","BlockScrollStrategy":"./scroll/block-scroll-strategy","OverlayModule":"./overlay-module","OverlayOutsideClickDispatcher":"./dispatchers/overlay-outside-click-dispatcher","OverlayKeyboardDispatcher":"./dispatchers/overlay-keyboard-dispatcher","Overlay":"./overlay","OverlayContainer":"./overlay-container","ɵangular_material_src_cdk_overlay_overlay_a":"./overlay-directives","ɵangular_material_src_cdk_overlay_overlay_b":"./overlay-directives","ɵangular_material_src_cdk_overlay_overlay_c":"./overlay-directives","CdkOverlayOrigin":"./overlay-directives","CdkConnectedOverlay":"./overlay-directives","FullscreenOverlayContainer":"./fullscreen-overlay-container","OverlayRef":"./overlay-ref","OverlaySizeConfig":"./overlay-ref","OverlayPositionBuilder":"./position/overlay-position-builder","PositionStrategy":"./position/position-strategy","GlobalPositionStrategy":"./position/global-position-strategy","ConnectedPositionStrategy":"./position/connected-position-strategy","ConnectedPosition":"./position/flexible-connected-position-strategy","FlexibleConnectedPositionStrategy":"./position/flexible-connected-position-strategy","FlexibleConnectedPositionStrategyOrigin":"./position/flexible-connected-position-strategy","ɵangular_material_src_cdk_overlay_overlay_d":"./dispatchers/base-overlay-dispatcher"},"importAs":"@angular/cdk/overlay"}