{"__symbolic":"module","version":4,"metadata":{"MutationObserverFactory":{"__symbolic":"class","decorators":[{"__symbolic":"call","expression":{"__symbolic":"reference","module":"@angular/core","name":"Injectable","line":34,"character":1},"arguments":[{"providedIn":"root"}]}],"members":{"create":[{"__symbolic":"method"}]},"statics":{"ɵprov":{}}},"ContentObserver":{"__symbolic":"class","decorators":[{"__symbolic":"call","expression":{"__symbolic":"reference","module":"@angular/core","name":"Injectable","line":43,"character":1},"arguments":[{"providedIn":"root"}]}],"members":{"__ctor__":[{"__symbolic":"constructor","parameters":[{"__symbolic":"reference","name":"MutationObserverFactory"}]}],"ngOnDestroy":[{"__symbolic":"method"}],"observe":[{"__symbolic":"method"},{"__symbolic":"method"},{"__symbolic":"method"}],"_observeElement":[{"__symbolic":"method"}],"_unobserveElement":[{"__symbolic":"method"}],"_cleanupObserver":[{"__symbolic":"method"}]},"statics":{"ɵprov":{}}},"CdkObserveContent":{"__symbolic":"class","decorators":[{"__symbolic":"call","expression":{"__symbolic":"reference","module":"@angular/core","name":"Directive","line":137,"character":1},"arguments":[{"selector":"[cdkObserveContent]","exportAs":"cdkObserveContent"}]}],"members":{"event":[{"__symbolic":"property","decorators":[{"__symbolic":"call","expression":{"__symbolic":"reference","module":"@angular/core","name":"Output","line":143,"character":3},"arguments":["cdkObserveContent"]}]}],"disabled":[{"__symbolic":"property","decorators":[{"__symbolic":"call","expression":{"__symbolic":"reference","module":"@angular/core","name":"Input","line":149,"character":3},"arguments":["cdkObserveContentDisabled"]}]}],"debounce":[{"__symbolic":"property","decorators":[{"__symbolic":"call","expression":{"__symbolic":"reference","module":"@angular/core","name":"Input","line":158,"character":3}}]}],"__ctor__":[{"__symbolic":"constructor","parameters":[{"__symbolic":"reference","name":"ContentObserver"},{"__symbolic":"reference","name":"ElementRef","module":"@angular/core","arguments":[{"__symbolic":"error","message":"Could not resolve type","line":169,"character":46,"context":{"typeName":"HTMLElement"},"module":"./observe-content"}]},{"__symbolic":"reference","module":"@angular/core","name":"NgZone","line":170,"character":31}]}],"ngAfterContentInit":[{"__symbolic":"method"}],"ngOnDestroy":[{"__symbolic":"method"}],"_subscribe":[{"__symbolic":"method"}],"_unsubscribe":[{"__symbolic":"method"}]}},"ObserversModule":{"__symbolic":"class","decorators":[{"__symbolic":"call","expression":{"__symbolic":"reference","module":"@angular/core","name":"NgModule","line":205,"character":1},"arguments":[{"exports":[{"__symbolic":"reference","name":"CdkObserveContent"}],"declarations":[{"__symbolic":"reference","name":"CdkObserveContent"}],"providers":[{"__symbolic":"reference","name":"MutationObserverFactory"}]}]}],"members":{}}},"origins":{"MutationObserverFactory":"./observe-content","ContentObserver":"./observe-content","CdkObserveContent":"./observe-content","ObserversModule":"./observe-content"},"importAs":"@angular/cdk/observers"}