{"__symbolic":"module","version":4,"metadata":{"LayoutModule":{"__symbolic":"class","decorators":[{"__symbolic":"call","expression":{"__symbolic":"reference","module":"@angular/core","name":"NgModule","line":10,"character":1},"arguments":[{}]}],"members":{}},"BreakpointObserver":{"__symbolic":"class","decorators":[{"__symbolic":"call","expression":{"__symbolic":"reference","module":"@angular/core","name":"Injectable","line":42,"character":1},"arguments":[{"providedIn":"root"}]}],"members":{"__ctor__":[{"__symbolic":"constructor","parameters":[{"__symbolic":"reference","name":"MediaMatcher"},{"__symbolic":"reference","module":"@angular/core","name":"NgZone","line":49,"character":66}]}],"ngOnDestroy":[{"__symbolic":"method"}],"isMatched":[{"__symbolic":"method"}],"observe":[{"__symbolic":"method"}],"_registerQuery":[{"__symbolic":"method"}]},"statics":{"ɵprov":{}}},"BreakpointState":{"__symbolic":"interface"},"Breakpoints":{"XSmall":"(max-width: 599.98px)","Small":"(min-width: 600px) and (max-width: 959.98px)","Medium":"(min-width: 960px) and (max-width: 1279.98px)","Large":"(min-width: 1280px) and (max-width: 1919.98px)","XLarge":"(min-width: 1920px)","Handset":"(max-width: 599.98px) and (orientation: portrait), (max-width: 959.98px) and (orientation: landscape)","Tablet":"(min-width: 600px) and (max-width: 839.98px) and (orientation: portrait), (min-width: 960px) and (max-width: 1279.98px) and (orientation: landscape)","Web":"(min-width: 840px) and (orientation: portrait), (min-width: 1280px) and (orientation: landscape)","HandsetPortrait":"(max-width: 599.98px) and (orientation: portrait)","TabletPortrait":"(min-width: 600px) and (max-width: 839.98px) and (orientation: portrait)","WebPortrait":"(min-width: 840px) and (orientation: portrait)","HandsetLandscape":"(max-width: 959.98px) and (orientation: landscape)","TabletLandscape":"(min-width: 960px) and (max-width: 1279.98px) and (orientation: landscape)","WebLandscape":"(min-width: 1280px) and (orientation: landscape)"},"MediaMatcher":{"__symbolic":"class","decorators":[{"__symbolic":"call","expression":{"__symbolic":"reference","module":"@angular/core","name":"Injectable","line":17,"character":1},"arguments":[{"providedIn":"root"}]}],"members":{"__ctor__":[{"__symbolic":"constructor","parameters":[{"__symbolic":"reference","module":"@angular/cdk/platform","name":"Platform","line":22,"character":33}]}],"matchMedia":[{"__symbolic":"method"}]},"statics":{"ɵprov":{}}}},"origins":{"LayoutModule":"./layout-module","BreakpointObserver":"./breakpoints-observer","BreakpointState":"./breakpoints-observer","Breakpoints":"./breakpoints","MediaMatcher":"./media-matcher"},"importAs":"@angular/cdk/layout"}