{"__symbolic":"module","version":4,"metadata":{"Platform":{"__symbolic":"class","decorators":[{"__symbolic":"call","expression":{"__symbolic":"reference","module":"@angular/core","name":"Injectable","line":30,"character":1},"arguments":[{"providedIn":"root"}]}],"members":{"__ctor__":[{"__symbolic":"constructor","parameterDecorators":[[{"__symbolic":"call","expression":{"__symbolic":"reference","module":"@angular/core","name":"Inject","line":77,"character":15},"arguments":[{"__symbolic":"reference","module":"@angular/core","name":"PLATFORM_ID","line":77,"character":22}]}]],"parameters":[{"__symbolic":"reference","name":"Object"}]}]},"statics":{"ɵprov":{}}},"PlatformModule":{"__symbolic":"class","decorators":[{"__symbolic":"call","expression":{"__symbolic":"reference","module":"@angular/core","name":"NgModule","line":11,"character":1},"arguments":[{}]}],"members":{}},"getSupportedInputTypes":{"__symbolic":"function"},"supportsPassiveEventListeners":{"__symbolic":"function"},"normalizePassiveListenerOptions":{"__symbolic":"function","parameters":["options"],"value":{"__symbolic":"if","condition":{"__symbolic":"call","expression":{"__symbolic":"reference","name":"supportsPassiveEventListeners"}},"thenExpression":{"__symbolic":"reference","name":"options"},"elseExpression":{"__symbolic":"pre","operator":"!","operand":{"__symbolic":"pre","operator":"!","operand":{"__symbolic":"select","expression":{"__symbolic":"reference","name":"options"},"member":"capture"}}}}},"RtlScrollAxisType":{"NORMAL":0,"NEGATED":1,"INVERTED":2},"supportsScrollBehavior":{"__symbolic":"function"},"getRtlScrollAxisType":{"__symbolic":"function"},"_supportsShadowDom":{"__symbolic":"function"},"_getShadowRoot":{"__symbolic":"function"},"_getFocusedElementPierceShadowDom":{"__symbolic":"function"}},"origins":{"Platform":"./platform","PlatformModule":"./platform-module","getSupportedInputTypes":"./features/input-types","supportsPassiveEventListeners":"./features/passive-listeners","normalizePassiveListenerOptions":"./features/passive-listeners","RtlScrollAxisType":"./features/scrolling","supportsScrollBehavior":"./features/scrolling","getRtlScrollAxisType":"./features/scrolling","_supportsShadowDom":"./features/shadow-dom","_getShadowRoot":"./features/shadow-dom","_getFocusedElementPierceShadowDom":"./features/shadow-dom"},"importAs":"@angular/cdk/platform"}