{"__symbolic":"module","version":4,"metadata":{"ComponentType":{"__symbolic":"interface"},"Portal":{"__symbolic":"class","arity":1,"members":{"attach":[{"__symbolic":"method"}],"detach":[{"__symbolic":"method"}],"setAttachedHost":[{"__symbolic":"method"}]}},"ComponentPortal":{"__symbolic":"class","arity":1,"extends":{"__symbolic":"reference","name":"Portal"},"members":{"__ctor__":[{"__symbolic":"constructor","parameters":[{"__symbolic":"reference","name":"any","arguments":[{"__symbolic":"error","message":"Could not resolve type","line":105,"character":31,"context":{"typeName":"T"},"module":"./portal"}]},{"__symbolic":"reference","module":"@angular/core","name":"ViewContainerRef","line":106,"character":25},{"__symbolic":"reference","module":"@angular/core","name":"Injector","line":107,"character":17},{"__symbolic":"reference","module":"@angular/core","name":"ComponentFactoryResolver","line":108,"character":33}]}]}},"TemplatePortal":{"__symbolic":"class","arity":1,"extends":{"__symbolic":"reference","name":"Portal"},"members":{"__ctor__":[{"__symbolic":"constructor","parameters":[{"__symbolic":"reference","name":"TemplateRef","module":"@angular/core","arguments":[{"__symbolic":"error","message":"Could not resolve type","line":130,"character":36,"context":{"typeName":"C"},"module":"./portal"}]},{"__symbolic":"reference","module":"@angular/core","name":"ViewContainerRef","line":106,"character":25},{"__symbolic":"error","message":"Could not resolve type","line":130,"character":86,"context":{"typeName":"C"},"module":"./portal"}]}],"attach":[{"__symbolic":"method"}],"detach":[{"__symbolic":"method"}]}},"DomPortal":{"__symbolic":"class","arity":1,"extends":{"__symbolic":"reference","name":"Portal"},"members":{"__ctor__":[{"__symbolic":"constructor","parameters":[{"__symbolic":"error","message":"Could not resolve type","line":166,"character":23,"context":{"typeName":"T"},"module":"./portal"}]}]}},"PortalOutlet":{"__symbolic":"interface"},"PortalHost":{"__symbolic":"interface"},"BasePortalOutlet":{"__symbolic":"class","members":{"hasAttached":[{"__symbolic":"method"}],"attach":[{"__symbolic":"method"},{"__symbolic":"method"},{"__symbolic":"method"},{"__symbolic":"method"}],"attachComponentPortal":[{"__symbolic":"method"}],"attachTemplatePortal":[{"__symbolic":"method"}],"detach":[{"__symbolic":"method"}],"dispose":[{"__symbolic":"method"}],"setDisposeFn":[{"__symbolic":"method"}],"_invokeDisposeFn":[{"__symbolic":"method"}]}},"BasePortalHost":{"__symbolic":"class","extends":{"__symbolic":"reference","name":"BasePortalOutlet"},"members":{}},"DomPortalOutlet":{"__symbolic":"class","extends":{"__symbolic":"reference","name":"BasePortalOutlet"},"members":{"__ctor__":[{"__symbolic":"constructor","parameters":[{"__symbolic":"error","message":"Could not resolve type","line":27,"character":28,"context":{"typeName":"Element"},"module":"./dom-portal-outlet"},{"__symbolic":"reference","module":"@angular/core","name":"ComponentFactoryResolver","line":28,"character":41},{"__symbolic":"reference","module":"@angular/core","name":"ApplicationRef","line":29,"character":23},{"__symbolic":"reference","module":"@angular/core","name":"Injector","line":30,"character":32},{"__symbolic":"reference","name":"any"}]}],"attachComponentPortal":[{"__symbolic":"method"}],"attachTemplatePortal":[{"__symbolic":"method"}],"dispose":[{"__symbolic":"method"}],"_getComponentRootNode":[{"__symbolic":"method"}]}},"DomPortalHost":{"__symbolic":"class","extends":{"__symbolic":"reference","name":"DomPortalOutlet"},"members":{}},"CdkPortal":{"__symbolic":"class","extends":{"__symbolic":"reference","name":"TemplatePortal"},"decorators":[{"__symbolic":"call","expression":{"__symbolic":"reference","module":"@angular/core","name":"Directive","line":30,"character":1},"arguments":[{"selector":"[cdkPortal]","exportAs":"cdkPortal"}]}],"members":{"__ctor__":[{"__symbolic":"constructor","parameters":[{"__symbolic":"reference","name":"TemplateRef","module":"@angular/core","arguments":[{"__symbolic":"reference","name":"any"}]},{"__symbolic":"reference","module":"@angular/core","name":"ViewContainerRef","line":35,"character":63}]}]}},"TemplatePortalDirective":{"__symbolic":"class","extends":{"__symbolic":"reference","name":"CdkPortal"},"decorators":[{"__symbolic":"call","expression":{"__symbolic":"reference","module":"@angular/core","name":"Directive","line":44,"character":1},"arguments":[{"selector":"[cdk-portal], [portal]","exportAs":"cdkPortal","providers":[{"provide":{"__symbolic":"reference","name":"CdkPortal"},"useExisting":{"__symbolic":"reference","name":"TemplatePortalDirective"}}]}]}],"members":{}},"CdkPortalOutletAttachedRef":{"__symbolic":"interface"},"CdkPortalOutlet":{"__symbolic":"class","extends":{"__symbolic":"reference","name":"BasePortalOutlet"},"decorators":[{"__symbolic":"call","expression":{"__symbolic":"reference","module":"@angular/core","name":"Directive","line":67,"character":1},"arguments":[{"selector":"[cdkPortalOutlet]","exportAs":"cdkPortalOutlet","inputs":["portal: cdkPortalOutlet"]}]}],"members":{"__ctor__":[{"__symbolic":"constructor","parameterDecorators":[null,null,[{"__symbolic":"call","expression":{"__symbolic":"reference","module":"@angular/core","name":"Inject","line":89,"character":7},"arguments":[{"__symbolic":"reference","module":"@angular/common","name":"DOCUMENT","line":89,"character":14}]}]],"parameters":[{"__symbolic":"reference","module":"@angular/core","name":"ComponentFactoryResolver","line":82,"character":41},{"__symbolic":"reference","module":"@angular/core","name":"ViewContainerRef","line":35,"character":63},{"__symbolic":"reference","name":"any"}]}],"attached":[{"__symbolic":"property","decorators":[{"__symbolic":"call","expression":{"__symbolic":"reference","module":"@angular/core","name":"Output","line":120,"character":3}}]}],"ngOnInit":[{"__symbolic":"method"}],"ngOnDestroy":[{"__symbolic":"method"}],"attachComponentPortal":[{"__symbolic":"method"}],"attachTemplatePortal":[{"__symbolic":"method"}],"_getRootNode":[{"__symbolic":"method"}]}},"PortalHostDirective":{"__symbolic":"class","extends":{"__symbolic":"reference","name":"CdkPortalOutlet"},"decorators":[{"__symbolic":"call","expression":{"__symbolic":"reference","module":"@angular/core","name":"Directive","line":242,"character":1},"arguments":[{"selector":"[cdkPortalHost], [portalHost]","exportAs":"cdkPortalHost","inputs":["portal: cdkPortalHost"],"providers":[{"provide":{"__symbolic":"reference","name":"CdkPortalOutlet"},"useExisting":{"__symbolic":"reference","name":"PortalHostDirective"}}]}]}],"members":{}},"PortalModule":{"__symbolic":"class","decorators":[{"__symbolic":"call","expression":{"__symbolic":"reference","module":"@angular/core","name":"NgModule","line":254,"character":1},"arguments":[{"exports":[{"__symbolic":"reference","name":"CdkPortal"},{"__symbolic":"reference","name":"CdkPortalOutlet"},{"__symbolic":"reference","name":"TemplatePortalDirective"},{"__symbolic":"reference","name":"PortalHostDirective"}],"declarations":[{"__symbolic":"reference","name":"CdkPortal"},{"__symbolic":"reference","name":"CdkPortalOutlet"},{"__symbolic":"reference","name":"TemplatePortalDirective"},{"__symbolic":"reference","name":"PortalHostDirective"}]}]}],"members":{}},"PortalInjector":{"__symbolic":"class","members":{"__ctor__":[{"__symbolic":"constructor","parameters":[{"__symbolic":"reference","module":"@angular/core","name":"Injector","line":19,"character":29},{"__symbolic":"error","message":"Could not resolve type","line":20,"character":27,"context":{"typeName":"WeakMap"},"module":"./portal-injector"}]}],"get":[{"__symbolic":"method"}]}}},"origins":{"ComponentType":"./portal","Portal":"./portal","ComponentPortal":"./portal","TemplatePortal":"./portal","DomPortal":"./portal","PortalOutlet":"./portal","PortalHost":"./portal","BasePortalOutlet":"./portal","BasePortalHost":"./portal","DomPortalOutlet":"./dom-portal-outlet","DomPortalHost":"./dom-portal-outlet","CdkPortal":"./portal-directives","TemplatePortalDirective":"./portal-directives","CdkPortalOutletAttachedRef":"./portal-directives","CdkPortalOutlet":"./portal-directives","PortalHostDirective":"./portal-directives","PortalModule":"./portal-directives","PortalInjector":"./portal-injector"},"importAs":"@angular/cdk/portal"}