{"__symbolic":"module","version":4,"metadata":{"Clipboard":{"__symbolic":"class","decorators":[{"__symbolic":"call","expression":{"__symbolic":"reference","module":"@angular/core","name":"Injectable","line":16,"character":1},"arguments":[{"providedIn":"root"}]}],"members":{"__ctor__":[{"__symbolic":"constructor","parameterDecorators":[[{"__symbolic":"call","expression":{"__symbolic":"reference","module":"@angular/core","name":"Inject","line":20,"character":15},"arguments":[{"__symbolic":"reference","module":"@angular/common","name":"DOCUMENT","line":20,"character":22}]}]],"parameters":[{"__symbolic":"reference","name":"any"}]}],"copy":[{"__symbolic":"method"}],"beginCopy":[{"__symbolic":"method"}]},"statics":{"ɵprov":{}}},"ClipboardModule":{"__symbolic":"class","decorators":[{"__symbolic":"call","expression":{"__symbolic":"reference","module":"@angular/core","name":"NgModule","line":12,"character":1},"arguments":[{"declarations":[{"__symbolic":"reference","name":"CdkCopyToClipboard"}],"exports":[{"__symbolic":"reference","name":"CdkCopyToClipboard"}]}]}],"members":{}},"CdkCopyToClipboardConfig":{"__symbolic":"interface"},"CDK_COPY_TO_CLIPBOARD_CONFIG":{"__symbolic":"new","expression":{"__symbolic":"reference","module":"@angular/core","name":"InjectionToken","line":30,"character":8},"arguments":["CDK_COPY_TO_CLIPBOARD_CONFIG"]},"CKD_COPY_TO_CLIPBOARD_CONFIG":{"__symbolic":"reference","name":"CDK_COPY_TO_CLIPBOARD_CONFIG"},"CdkCopyToClipboard":{"__symbolic":"class","decorators":[{"__symbolic":"call","expression":{"__symbolic":"reference","module":"@angular/core","name":"Directive","line":42,"character":1},"arguments":[{"selector":"[cdkCopyToClipboard]","host":{"(click)":"copy()","$quoted$":["(click)"]}}]}],"members":{"text":[{"__symbolic":"property","decorators":[{"__symbolic":"call","expression":{"__symbolic":"reference","module":"@angular/core","name":"Input","line":50,"character":3},"arguments":["cdkCopyToClipboard"]}]}],"attempts":[{"__symbolic":"property","decorators":[{"__symbolic":"call","expression":{"__symbolic":"reference","module":"@angular/core","name":"Input","line":56,"character":3},"arguments":["cdkCopyToClipboardAttempts"]}]}],"copied":[{"__symbolic":"property","decorators":[{"__symbolic":"call","expression":{"__symbolic":"reference","module":"@angular/core","name":"Output","line":62,"character":3},"arguments":["cdkCopyToClipboardCopied"]}]}],"__ctor__":[{"__symbolic":"constructor","parameterDecorators":[null,null,[{"__symbolic":"call","expression":{"__symbolic":"reference","module":"@angular/core","name":"Optional","line":76,"character":5}},{"__symbolic":"call","expression":{"__symbolic":"reference","module":"@angular/core","name":"Inject","line":76,"character":17},"arguments":[{"__symbolic":"reference","name":"CKD_COPY_TO_CLIPBOARD_CONFIG"}]}]],"parameters":[{"__symbolic":"reference","name":"Clipboard"},{"__symbolic":"reference","module":"@angular/core","name":"NgZone","line":75,"character":21},{"__symbolic":"reference","name":"any"}]}],"copy":[{"__symbolic":"method"}],"ngOnDestroy":[{"__symbolic":"method"}]}},"PendingCopy":{"__symbolic":"class","members":{"__ctor__":[{"__symbolic":"constructor","parameters":[{"__symbolic":"reference","name":"string"},{"__symbolic":"error","message":"Could not resolve type","line":24,"character":56,"context":{"typeName":"Document"},"module":"./pending-copy"}]}],"copy":[{"__symbolic":"method"}],"destroy":[{"__symbolic":"method"}]}}},"origins":{"Clipboard":"./clipboard","ClipboardModule":"./clipboard-module","CdkCopyToClipboardConfig":"./copy-to-clipboard","CDK_COPY_TO_CLIPBOARD_CONFIG":"./copy-to-clipboard","CKD_COPY_TO_CLIPBOARD_CONFIG":"./copy-to-clipboard","CdkCopyToClipboard":"./copy-to-clipboard","PendingCopy":"./pending-copy"},"importAs":"@angular/cdk/clipboard"}