{"__symbolic":"module","version":4,"metadata":{"CdkAccordionItem":{"__symbolic":"class","decorators":[{"__symbolic":"call","expression":{"__symbolic":"reference","module":"@angular/core","name":"Directive","line":31,"character":1},"arguments":[{"selector":"cdk-accordion-item, [cdkAccordionItem]","exportAs":"cdkAccordionItem","providers":[{"provide":{"__symbolic":"reference","name":"ɵangular_material_src_cdk_accordion_accordion_a"},"useValue":{"__symbolic":"reference","name":"undefined"}}]}]}],"members":{"closed":[{"__symbolic":"property","decorators":[{"__symbolic":"call","expression":{"__symbolic":"reference","module":"@angular/core","name":"Output","line":44,"character":3}}]}],"opened":[{"__symbolic":"property","decorators":[{"__symbolic":"call","expression":{"__symbolic":"reference","module":"@angular/core","name":"Output","line":46,"character":3}}]}],"destroyed":[{"__symbolic":"property","decorators":[{"__symbolic":"call","expression":{"__symbolic":"reference","module":"@angular/core","name":"Output","line":48,"character":3}}]}],"expandedChange":[{"__symbolic":"property","decorators":[{"__symbolic":"call","expression":{"__symbolic":"reference","module":"@angular/core","name":"Output","line":55,"character":3}}]}],"expanded":[{"__symbolic":"property","decorators":[{"__symbolic":"call","expression":{"__symbolic":"reference","module":"@angular/core","name":"Input","line":61,"character":3}}]}],"disabled":[{"__symbolic":"property","decorators":[{"__symbolic":"call","expression":{"__symbolic":"reference","module":"@angular/core","name":"Input","line":91,"character":3}}]}],"__ctor__":[{"__symbolic":"constructor","parameterDecorators":[[{"__symbolic":"call","expression":{"__symbolic":"reference","module":"@angular/core","name":"Optional","line":99,"character":15}},{"__symbolic":"call","expression":{"__symbolic":"reference","module":"@angular/core","name":"Inject","line":99,"character":27},"arguments":[{"__symbolic":"reference","name":"ɵangular_material_src_cdk_accordion_accordion_a"}]},{"__symbolic":"call","expression":{"__symbolic":"reference","module":"@angular/core","name":"SkipSelf","line":99,"character":50}}],null,null],"parameters":[{"__symbolic":"reference","name":"CdkAccordion"},{"__symbolic":"reference","module":"@angular/core","name":"ChangeDetectorRef","line":100,"character":42},{"__symbolic":"reference","module":"@angular/cdk/collections","name":"UniqueSelectionDispatcher","line":101,"character":46}]}],"ngOnDestroy":[{"__symbolic":"method"}],"toggle":[{"__symbolic":"method"}],"close":[{"__symbolic":"method"}],"open":[{"__symbolic":"method"}],"_subscribeToOpenCloseAllActions":[{"__symbolic":"method"}]}},"ɵangular_material_src_cdk_accordion_accordion_a":{"__symbolic":"new","expression":{"__symbolic":"reference","module":"@angular/core","name":"InjectionToken","line":20,"character":33},"arguments":["CdkAccordion"]},"CdkAccordion":{"__symbolic":"class","decorators":[{"__symbolic":"call","expression":{"__symbolic":"reference","module":"@angular/core","name":"Directive","line":25,"character":1},"arguments":[{"selector":"cdk-accordion, [cdkAccordion]","exportAs":"cdkAccordion","providers":[{"provide":{"__symbolic":"reference","name":"ɵangular_material_src_cdk_accordion_accordion_a"},"useExisting":{"__symbolic":"reference","name":"CdkAccordion"}}]}]}],"members":{"multi":[{"__symbolic":"property","decorators":[{"__symbolic":"call","expression":{"__symbolic":"reference","module":"@angular/core","name":"Input","line":41,"character":3}}]}],"openAll":[{"__symbolic":"method"}],"closeAll":[{"__symbolic":"method"}],"ngOnChanges":[{"__symbolic":"method"}],"ngOnDestroy":[{"__symbolic":"method"}]}},"CdkAccordionModule":{"__symbolic":"class","decorators":[{"__symbolic":"call","expression":{"__symbolic":"reference","module":"@angular/core","name":"NgModule","line":13,"character":1},"arguments":[{"exports":[{"__symbolic":"reference","name":"CdkAccordion"},{"__symbolic":"reference","name":"CdkAccordionItem"}],"declarations":[{"__symbolic":"reference","name":"CdkAccordion"},{"__symbolic":"reference","name":"CdkAccordionItem"}]}]}],"members":{}}},"origins":{"CdkAccordionItem":"./accordion-item","ɵangular_material_src_cdk_accordion_accordion_a":"./accordion","CdkAccordion":"./accordion","CdkAccordionModule":"./accordion-module"},"importAs":"@angular/cdk/accordion"}