{"__symbolic":"module","version":4,"metadata":{"MAC_ENTER":3,"BACKSPACE":8,"TAB":9,"NUM_CENTER":12,"ENTER":13,"SHIFT":16,"CONTROL":17,"ALT":18,"PAUSE":19,"CAPS_LOCK":20,"ESCAPE":27,"SPACE":32,"PAGE_UP":33,"PAGE_DOWN":34,"END":35,"HOME":36,"LEFT_ARROW":37,"UP_ARROW":38,"RIGHT_ARROW":39,"DOWN_ARROW":40,"PLUS_SIGN":43,"PRINT_SCREEN":44,"INSERT":45,"DELETE":46,"ZERO":48,"ONE":49,"TWO":50,"THREE":51,"FOUR":52,"FIVE":53,"SIX":54,"SEVEN":55,"EIGHT":56,"NINE":57,"FF_SEMICOLON":59,"FF_EQUALS":61,"QUESTION_MARK":63,"AT_SIGN":64,"A":65,"B":66,"C":67,"D":68,"E":69,"F":70,"G":71,"H":72,"I":73,"J":74,"K":75,"L":76,"M":77,"N":78,"O":79,"P":80,"Q":81,"R":82,"S":83,"T":84,"U":85,"V":86,"W":87,"X":88,"Y":89,"Z":90,"META":91,"MAC_WK_CMD_LEFT":91,"MAC_WK_CMD_RIGHT":93,"CONTEXT_MENU":93,"NUMPAD_ZERO":96,"NUMPAD_ONE":97,"NUMPAD_TWO":98,"NUMPAD_THREE":99,"NUMPAD_FOUR":100,"NUMPAD_FIVE":101,"NUMPAD_SIX":102,"NUMPAD_SEVEN":103,"NUMPAD_EIGHT":104,"NUMPAD_NINE":105,"NUMPAD_MULTIPLY":106,"NUMPAD_PLUS":107,"NUMPAD_MINUS":109,"NUMPAD_PERIOD":110,"NUMPAD_DIVIDE":111,"F1":112,"F2":113,"F3":114,"F4":115,"F5":116,"F6":117,"F7":118,"F8":119,"F9":120,"F10":121,"F11":122,"F12":123,"NUM_LOCK":144,"SCROLL_LOCK":145,"FIRST_MEDIA":166,"FF_MINUS":173,"MUTE":173,"VOLUME_DOWN":174,"VOLUME_UP":175,"FF_MUTE":181,"FF_VOLUME_DOWN":182,"LAST_MEDIA":183,"FF_VOLUME_UP":183,"SEMICOLON":186,"EQUALS":187,"COMMA":188,"DASH":189,"PERIOD":190,"SLASH":191,"APOSTROPHE":192,"TILDE":192,"OPEN_SQUARE_BRACKET":219,"BACKSLASH":220,"CLOSE_SQUARE_BRACKET":221,"SINGLE_QUOTE":222,"MAC_META":224,"hasModifierKey":{"__symbolic":"function"}},"origins":{"MAC_ENTER":"./keycodes","BACKSPACE":"./keycodes","TAB":"./keycodes","NUM_CENTER":"./keycodes","ENTER":"./keycodes","SHIFT":"./keycodes","CONTROL":"./keycodes","ALT":"./keycodes","PAUSE":"./keycodes","CAPS_LOCK":"./keycodes","ESCAPE":"./keycodes","SPACE":"./keycodes","PAGE_UP":"./keycodes","PAGE_DOWN":"./keycodes","END":"./keycodes","HOME":"./keycodes","LEFT_ARROW":"./keycodes","UP_ARROW":"./keycodes","RIGHT_ARROW":"./keycodes","DOWN_ARROW":"./keycodes","PLUS_SIGN":"./keycodes","PRINT_SCREEN":"./keycodes","INSERT":"./keycodes","DELETE":"./keycodes","ZERO":"./keycodes","ONE":"./keycodes","TWO":"./keycodes","THREE":"./keycodes","FOUR":"./keycodes","FIVE":"./keycodes","SIX":"./keycodes","SEVEN":"./keycodes","EIGHT":"./keycodes","NINE":"./keycodes","FF_SEMICOLON":"./keycodes","FF_EQUALS":"./keycodes","QUESTION_MARK":"./keycodes","AT_SIGN":"./keycodes","A":"./keycodes","B":"./keycodes","C":"./keycodes","D":"./keycodes","E":"./keycodes","F":"./keycodes","G":"./keycodes","H":"./keycodes","I":"./keycodes","J":"./keycodes","K":"./keycodes","L":"./keycodes","M":"./keycodes","N":"./keycodes","O":"./keycodes","P":"./keycodes","Q":"./keycodes","R":"./keycodes","S":"./keycodes","T":"./keycodes","U":"./keycodes","V":"./keycodes","W":"./keycodes","X":"./keycodes","Y":"./keycodes","Z":"./keycodes","META":"./keycodes","MAC_WK_CMD_LEFT":"./keycodes","MAC_WK_CMD_RIGHT":"./keycodes","CONTEXT_MENU":"./keycodes","NUMPAD_ZERO":"./keycodes","NUMPAD_ONE":"./keycodes","NUMPAD_TWO":"./keycodes","NUMPAD_THREE":"./keycodes","NUMPAD_FOUR":"./keycodes","NUMPAD_FIVE":"./keycodes","NUMPAD_SIX":"./keycodes","NUMPAD_SEVEN":"./keycodes","NUMPAD_EIGHT":"./keycodes","NUMPAD_NINE":"./keycodes","NUMPAD_MULTIPLY":"./keycodes","NUMPAD_PLUS":"./keycodes","NUMPAD_MINUS":"./keycodes","NUMPAD_PERIOD":"./keycodes","NUMPAD_DIVIDE":"./keycodes","F1":"./keycodes","F2":"./keycodes","F3":"./keycodes","F4":"./keycodes","F5":"./keycodes","F6":"./keycodes","F7":"./keycodes","F8":"./keycodes","F9":"./keycodes","F10":"./keycodes","F11":"./keycodes","F12":"./keycodes","NUM_LOCK":"./keycodes","SCROLL_LOCK":"./keycodes","FIRST_MEDIA":"./keycodes","FF_MINUS":"./keycodes","MUTE":"./keycodes","VOLUME_DOWN":"./keycodes","VOLUME_UP":"./keycodes","FF_MUTE":"./keycodes","FF_VOLUME_DOWN":"./keycodes","LAST_MEDIA":"./keycodes","FF_VOLUME_UP":"./keycodes","SEMICOLON":"./keycodes","EQUALS":"./keycodes","COMMA":"./keycodes","DASH":"./keycodes","PERIOD":"./keycodes","SLASH":"./keycodes","APOSTROPHE":"./keycodes","TILDE":"./keycodes","OPEN_SQUARE_BRACKET":"./keycodes","BACKSLASH":"./keycodes","CLOSE_SQUARE_BRACKET":"./keycodes","SINGLE_QUOTE":"./keycodes","MAC_META":"./keycodes","hasModifierKey":"./modifiers"},"importAs":"@angular/cdk/keycodes"}