{"__symbolic":"module","version":4,"metadata":{"Directionality":{"__symbolic":"class","decorators":[{"__symbolic":"call","expression":{"__symbolic":"reference","module":"@angular/core","name":"Injectable","line":19,"character":1},"arguments":[{"providedIn":"root"}]}],"members":{"__ctor__":[{"__symbolic":"constructor","parameterDecorators":[[{"__symbolic":"call","expression":{"__symbolic":"reference","module":"@angular/core","name":"Optional","line":27,"character":15}},{"__symbolic":"call","expression":{"__symbolic":"reference","module":"@angular/core","name":"Inject","line":27,"character":27},"arguments":[{"__symbolic":"reference","name":"DIR_DOCUMENT"}]}]],"parameters":[{"__symbolic":"reference","name":"any"}]}],"ngOnDestroy":[{"__symbolic":"method"}]},"statics":{"ɵprov":{}}},"Direction":{"__symbolic":"interface"},"ɵangular_material_src_cdk_bidi_bidi_a":{"__symbolic":"function","parameters":[],"value":{"__symbolic":"call","expression":{"__symbolic":"reference","module":"@angular/core","name":"inject","line":34,"character":9},"arguments":[{"__symbolic":"reference","module":"@angular/common","name":"DOCUMENT","line":34,"character":16}]}},"DIR_DOCUMENT":{"__symbolic":"new","expression":{"__symbolic":"reference","module":"@angular/core","name":"InjectionToken","line":27,"character":32},"arguments":["cdk-dir-doc",{"providedIn":"root","factory":{"__symbolic":"reference","name":"ɵangular_material_src_cdk_bidi_bidi_a"}}]},"Dir":{"__symbolic":"class","decorators":[{"__symbolic":"call","expression":{"__symbolic":"reference","module":"@angular/core","name":"Directive","line":25,"character":1},"arguments":[{"selector":"[dir]","providers":[{"provide":{"__symbolic":"reference","name":"Directionality"},"useExisting":{"__symbolic":"reference","name":"Dir"}}],"host":{"[attr.dir]":"_rawDir","$quoted$":["[attr.dir]"]},"exportAs":"dir"}]}],"members":{"change":[{"__symbolic":"property","decorators":[{"__symbolic":"call","expression":{"__symbolic":"reference","module":"@angular/core","name":"Output","line":42,"character":3},"arguments":["dirChange"]}]}],"dir":[{"__symbolic":"property","decorators":[{"__symbolic":"call","expression":{"__symbolic":"reference","module":"@angular/core","name":"Input","line":45,"character":3}}]}],"ngAfterContentInit":[{"__symbolic":"method"}],"ngOnDestroy":[{"__symbolic":"method"}]}},"BidiModule":{"__symbolic":"class","decorators":[{"__symbolic":"call","expression":{"__symbolic":"reference","module":"@angular/core","name":"NgModule","line":12,"character":1},"arguments":[{"exports":[{"__symbolic":"reference","name":"Dir"}],"declarations":[{"__symbolic":"reference","name":"Dir"}]}]}],"members":{}}},"origins":{"Directionality":"./directionality","Direction":"./directionality","ɵangular_material_src_cdk_bidi_bidi_a":"./dir-document-token","DIR_DOCUMENT":"./dir-document-token","Dir":"./dir","BidiModule":"./bidi-module"},"importAs":"@angular/cdk/bidi"}