{"__symbolic":"module","version":4,"metadata":{"ArrayDataSource":{"__symbolic":"class","arity":1,"extends":{"__symbolic":"reference","name":"DataSource"},"members":{"__ctor__":[{"__symbolic":"constructor","parameters":[{"__symbolic":"error","message":"Expression form not supported","line":14,"character":29,"module":"./array-data-source"}]}],"connect":[{"__symbolic":"method"}],"disconnect":[{"__symbolic":"method"}]}},"ListRange":{"__symbolic":"interface"},"CollectionViewer":{"__symbolic":"interface"},"DataSource":{"__symbolic":"class","arity":1,"members":{"connect":[{"__symbolic":"method"}],"disconnect":[{"__symbolic":"method"}]}},"isDataSource":{"__symbolic":"function","parameters":["value"],"value":{"__symbolic":"binop","operator":"&&","left":{"__symbolic":"reference","name":"value"},"right":{"__symbolic":"binop","operator":"===","left":{"__symbolic":"error","message":"Expression form not supported","line":37,"character":18,"module":"./data-source"},"right":"function"}}},"_DisposeViewRepeaterStrategy":{"__symbolic":"class","arity":3,"members":{"applyChanges":[{"__symbolic":"method"}],"detach":[{"__symbolic":"method"}]}},"_RecycleViewRepeaterStrategy":{"__symbolic":"class","arity":3,"members":{"applyChanges":[{"__symbolic":"method"}],"detach":[{"__symbolic":"method"}],"_insertView":[{"__symbolic":"method"}],"_detachAndCacheView":[{"__symbolic":"method"}],"_moveView":[{"__symbolic":"method"}],"_maybeCacheView":[{"__symbolic":"method"}],"_insertViewFromCache":[{"__symbolic":"method"}]}},"SelectionModel":{"__symbolic":"class","arity":1,"members":{"__ctor__":[{"__symbolic":"constructor","parameters":[null,{"__symbolic":"reference","name":"Array","arguments":[{"__symbolic":"error","message":"Could not resolve type","line":40,"character":30,"context":{"typeName":"T"},"module":"./selection-model"}]},null]}],"select":[{"__symbolic":"method"}],"deselect":[{"__symbolic":"method"}],"toggle":[{"__symbolic":"method"}],"clear":[{"__symbolic":"method"}],"isSelected":[{"__symbolic":"method"}],"isEmpty":[{"__symbolic":"method"}],"hasValue":[{"__symbolic":"method"}],"sort":[{"__symbolic":"method"}],"isMultipleSelection":[{"__symbolic":"method"}],"_emitChangeEvent":[{"__symbolic":"method"}],"_markSelected":[{"__symbolic":"method"}],"_unmarkSelected":[{"__symbolic":"method"}],"_unmarkAll":[{"__symbolic":"method"}],"_verifyValueAssignment":[{"__symbolic":"method"}]}},"SelectionChange":{"__symbolic":"interface"},"getMultipleValuesInSingleSelectionError":{"__symbolic":"function","parameters":[],"value":{"__symbolic":"call","expression":{"__symbolic":"reference","name":"Error"},"arguments":["Cannot pass multiple values into SelectionModel with single-value mode."]}},"UniqueSelectionDispatcher":{"__symbolic":"class","decorators":[{"__symbolic":"call","expression":{"__symbolic":"reference","module":"@angular/core","name":"Injectable","line":23,"character":1},"arguments":[{"providedIn":"root"}]}],"members":{"notify":[{"__symbolic":"method"}],"listen":[{"__symbolic":"method"}],"ngOnDestroy":[{"__symbolic":"method"}]},"statics":{"ɵprov":{}}},"UniqueSelectionDispatcherListener":{"__symbolic":"interface"},"TreeDataNodeFlattener":{"__symbolic":"interface"},"_ViewRepeaterItemContext":{"__symbolic":"interface"},"_ViewRepeaterItemInsertArgs":{"__symbolic":"interface"},"_ViewRepeaterItemContextFactory":{"__symbolic":"interface"},"_ViewRepeaterItemValueResolver":{"__symbolic":"interface"},"_ViewRepeaterOperation":{"REPLACED":0,"INSERTED":1,"MOVED":2,"REMOVED":3},"_ViewRepeaterItemChange":{"__symbolic":"interface"},"_ViewRepeaterItemChanged":{"__symbolic":"interface"},"_ViewRepeater":{"__symbolic":"interface"},"_VIEW_REPEATER_STRATEGY":{"__symbolic":"new","expression":{"__symbolic":"reference","module":"@angular/core","name":"InjectionToken","line":118,"character":43},"arguments":["_ViewRepeater"]}},"origins":{"ArrayDataSource":"./array-data-source","ListRange":"./collection-viewer","CollectionViewer":"./collection-viewer","DataSource":"./data-source","isDataSource":"./data-source","_DisposeViewRepeaterStrategy":"./dispose-view-repeater-strategy","_RecycleViewRepeaterStrategy":"./recycle-view-repeater-strategy","SelectionModel":"./selection-model","SelectionChange":"./selection-model","getMultipleValuesInSingleSelectionError":"./selection-model","UniqueSelectionDispatcher":"./unique-selection-dispatcher","UniqueSelectionDispatcherListener":"./unique-selection-dispatcher","TreeDataNodeFlattener":"./tree-adapter","_ViewRepeaterItemContext":"./view-repeater","_ViewRepeaterItemInsertArgs":"./view-repeater","_ViewRepeaterItemContextFactory":"./view-repeater","_ViewRepeaterItemValueResolver":"./view-repeater","_ViewRepeaterOperation":"./view-repeater","_ViewRepeaterItemChange":"./view-repeater","_ViewRepeaterItemChanged":"./view-repeater","_ViewRepeater":"./view-repeater","_VIEW_REPEATER_STRATEGY":"./view-repeater"},"importAs":"@angular/cdk/collections"}