{"__symbolic":"module","version":4,"metadata":{"MultipleDatesComponent":{"__symbolic":"class","arity":1,"extends":{"__symbolic":"error","message":"Symbol reference expected","line":80,"character":10,"module":"./lib/components/multiple-dates/multiple-dates.component"},"decorators":[{"__symbolic":"call","expression":{"__symbolic":"reference","module":"@angular/core","name":"Component","line":70,"character":1},"arguments":[{"selector":"ngx-multiple-dates","providers":[{"provide":{"__symbolic":"reference","module":"@angular/material/form-field","name":"MatFormFieldControl","line":75,"character":15},"useExisting":{"__symbolic":"reference","name":"MultipleDatesComponent"}}],"exportAs":"ngxMultipleDates","template":"<mat-chip-list #chipList aria-label=\"placeholder\" [selectable]=\"false\"\r\n               (click)=\"focus()\">\r\n  <mat-chip *ngFor=\"let item of value; trackBy: trackByValue;\" removable (removed)=\"remove(item)\"\r\n            [color]=\"color\" [selected]=\"color\" [ngClass]='getClassName(item)'>\r\n    {{ item | date }}\r\n    <mat-icon matChipRemove>cancel</mat-icon>\r\n  </mat-chip>\r\n  <input matInput hidden [value]=\"resetModel\"\r\n         [matDatepicker]=\"matDatepicker\" [matDatepickerFilter]=\"matDatepickerFilter\"\r\n         [min]=\"min\" [max]=\"max\" [matChipInputFor]=\"chipList\" (dateChange)=\"dateChanged($event)\" />\r\n</mat-chip-list>\r\n","styles":[":host{display:block;outline:none!important}:host span{opacity:0;transition:opacity .2s}:host.floating span{opacity:1}:host ::ng-deep mat-chip-list{outline:none!important}:host ::ng-deep mat-chip-list .mat-chip-list-wrapper{min-height:18px}:host ::ng-deep mat-chip-list .mat-chip-remove{outline:none!important}"]}]}],"members":{"id":[{"__symbolic":"property","decorators":[{"__symbolic":"call","expression":{"__symbolic":"reference","module":"@angular/core","name":"Input","line":90,"character":3}},{"__symbolic":"call","expression":{"__symbolic":"reference","module":"@angular/core","name":"HostBinding","line":91,"character":3}}]}],"describedBy":[{"__symbolic":"property","decorators":[{"__symbolic":"call","expression":{"__symbolic":"reference","module":"@angular/core","name":"HostBinding","line":93,"character":3},"arguments":["attr.aria-describedby"]}]}],"errorState":[{"__symbolic":"property","decorators":[{"__symbolic":"call","expression":{"__symbolic":"reference","module":"@angular/core","name":"HostBinding","line":94,"character":3},"arguments":["attr.aria-invalid"]},{"__symbolic":"call","expression":{"__symbolic":"reference","module":"@angular/core","name":"HostBinding","line":95,"character":3},"arguments":["class.mat-form-field-invalid"]}]}],"errorStateMatcher":[{"__symbolic":"property","decorators":[{"__symbolic":"call","expression":{"__symbolic":"reference","module":"@angular/core","name":"Input","line":97,"character":3}}]}],"tabIndex":[{"__symbolic":"property","decorators":[{"__symbolic":"call","expression":{"__symbolic":"reference","module":"@angular/core","name":"Input","line":98,"character":3}},{"__symbolic":"call","expression":{"__symbolic":"reference","module":"@angular/core","name":"HostBinding","line":99,"character":3},"arguments":["attr.tabindex"]}]}],"dateChange":[{"__symbolic":"property","decorators":[{"__symbolic":"call","expression":{"__symbolic":"reference","module":"@angular/core","name":"Output","line":101,"character":3}}]}],"matDatepicker":[{"__symbolic":"property","decorators":[{"__symbolic":"call","expression":{"__symbolic":"reference","module":"@angular/core","name":"Input","line":141,"character":3}}]}],"closeOnSelected":[{"__symbolic":"property","decorators":[{"__symbolic":"call","expression":{"__symbolic":"reference","module":"@angular/core","name":"Input","line":164,"character":3}}]}],"placeholder":[{"__symbolic":"property","decorators":[{"__symbolic":"call","expression":{"__symbolic":"reference","module":"@angular/core","name":"Input","line":172,"character":3}},{"__symbolic":"call","expression":{"__symbolic":"reference","module":"@angular/core","name":"HostBinding","line":173,"character":3},"arguments":["attr.aria-label"]}]}],"required":[{"__symbolic":"property","decorators":[{"__symbolic":"call","expression":{"__symbolic":"reference","module":"@angular/core","name":"Input","line":182,"character":3}},{"__symbolic":"call","expression":{"__symbolic":"reference","module":"@angular/core","name":"HostBinding","line":183,"character":3},"arguments":["attr.aria-required"]}]}],"disabled":[{"__symbolic":"property","decorators":[{"__symbolic":"call","expression":{"__symbolic":"reference","module":"@angular/core","name":"Input","line":192,"character":3}},{"__symbolic":"call","expression":{"__symbolic":"reference","module":"@angular/core","name":"HostBinding","line":193,"character":3},"arguments":["attr.disabled"]}]}],"value":[{"__symbolic":"property","decorators":[{"__symbolic":"call","expression":{"__symbolic":"reference","module":"@angular/core","name":"Input","line":209,"character":3}}]}],"color":[{"__symbolic":"property","decorators":[{"__symbolic":"call","expression":{"__symbolic":"reference","module":"@angular/core","name":"Input","line":222,"character":3}}]}],"matDatepickerFilter":[{"__symbolic":"property","decorators":[{"__symbolic":"call","expression":{"__symbolic":"reference","module":"@angular/core","name":"Input","line":230,"character":3}}]}],"min":[{"__symbolic":"property","decorators":[{"__symbolic":"call","expression":{"__symbolic":"reference","module":"@angular/core","name":"Input","line":239,"character":3}}]}],"max":[{"__symbolic":"property","decorators":[{"__symbolic":"call","expression":{"__symbolic":"reference","module":"@angular/core","name":"Input","line":249,"character":3}}]}],"classes":[{"__symbolic":"property","decorators":[{"__symbolic":"call","expression":{"__symbolic":"reference","module":"@angular/core","name":"Input","line":259,"character":3}}]}],"shouldLabelFloat":[{"__symbolic":"property","decorators":[{"__symbolic":"call","expression":{"__symbolic":"reference","module":"@angular/core","name":"HostBinding","line":267,"character":3},"arguments":["class.floating"]}]}],"__ctor__":[{"__symbolic":"constructor","parameterDecorators":[[{"__symbolic":"call","expression":{"__symbolic":"reference","module":"@angular/core","name":"Optional","line":277,"character":5}},{"__symbolic":"call","expression":{"__symbolic":"reference","module":"@angular/core","name":"Self","line":277,"character":17}}],null,null,null,[{"__symbolic":"call","expression":{"__symbolic":"reference","module":"@angular/core","name":"Optional","line":281,"character":5}}],[{"__symbolic":"call","expression":{"__symbolic":"reference","module":"@angular/core","name":"Optional","line":282,"character":5}}],[{"__symbolic":"call","expression":{"__symbolic":"reference","module":"@angular/core","name":"Optional","line":283,"character":5}}],null,[{"__symbolic":"call","expression":{"__symbolic":"reference","module":"@angular/core","name":"Attribute","line":285,"character":5},"arguments":["tabindex"]}]],"parameters":[{"__symbolic":"reference","module":"@angular/forms","name":"NgControl","line":277,"character":42},{"__symbolic":"reference","name":"ElementRef","module":"@angular/core","arguments":[{"__symbolic":"error","message":"Could not resolve type","line":278,"character":38,"context":{"typeName":"HTMLElement"},"module":"./lib/components/multiple-dates/multiple-dates.component"}]},{"__symbolic":"reference","module":"@angular/core","name":"ChangeDetectorRef","line":279,"character":32},{"__symbolic":"reference","module":"@angular/cdk/a11y","name":"FocusMonitor","line":280,"character":27},{"__symbolic":"reference","name":"DateAdapter","module":"@angular/material/core","arguments":[{"__symbolic":"error","message":"Could not resolve type","line":281,"character":50,"context":{"typeName":"D"},"module":"./lib/components/multiple-dates/multiple-dates.component"}]},{"__symbolic":"reference","module":"@angular/forms","name":"NgForm","line":282,"character":28},{"__symbolic":"reference","module":"@angular/forms","name":"FormGroupDirective","line":283,"character":33},{"__symbolic":"reference","module":"@angular/material/core","name":"ErrorStateMatcher","line":284,"character":30},{"__symbolic":"reference","name":"string"}]}],"ngAfterViewInit":[{"__symbolic":"method"}],"ngOnDestroy":[{"__symbolic":"method"}],"ngDoCheck":[{"__symbolic":"method"}],"focus":[{"__symbolic":"method","decorators":[{"__symbolic":"call","expression":{"__symbolic":"reference","module":"@angular/core","name":"HostListener","line":329,"character":3},"arguments":["focus"]}]}],"blur":[{"__symbolic":"method","decorators":[{"__symbolic":"call","expression":{"__symbolic":"reference","module":"@angular/core","name":"HostListener","line":341,"character":3},"arguments":["blur"]}]}],"writeValue":[{"__symbolic":"method"}],"registerOnChange":[{"__symbolic":"method"}],"registerOnTouched":[{"__symbolic":"method"}],"registerOnValidatorChange":[{"__symbolic":"method"}],"setDescribedByIds":[{"__symbolic":"method"}],"onContainerClick":[{"__symbolic":"method"}],"validate":[{"__symbolic":"method"}],"dateChanged":[{"__symbolic":"method"}],"remove":[{"__symbolic":"method"}],"trackByValue":[{"__symbolic":"method"}],"getClassName":[{"__symbolic":"method"}],"_setStartAt":[{"__symbolic":"method"}],"_setDisabled":[{"__symbolic":"method"}],"_setDateClass":[{"__symbolic":"method"}],"_find":[{"__symbolic":"method"}],"_sort":[{"__symbolic":"method"}],"_toNumber":[{"__symbolic":"method"}],"_getValidDateOrNull":[{"__symbolic":"method"}]},"statics":{"nextId":0}},"DateClass":{"__symbolic":"class","arity":1,"members":{}},"NgxMultipleDatesModule":{"__symbolic":"class","decorators":[{"__symbolic":"call","expression":{"__symbolic":"reference","module":"@angular/core","name":"NgModule","line":12,"character":1},"arguments":[{"declarations":[{"__symbolic":"reference","name":"MultipleDatesComponent"}],"imports":[{"__symbolic":"reference","module":"@angular/common","name":"CommonModule","line":15,"character":4},{"__symbolic":"reference","module":"@angular/forms","name":"ReactiveFormsModule","line":16,"character":4},{"__symbolic":"reference","module":"@angular/material/chips","name":"MatChipsModule","line":18,"character":4},{"__symbolic":"reference","module":"@angular/material/datepicker","name":"MatDatepickerModule","line":19,"character":4},{"__symbolic":"reference","module":"@angular/material/form-field","name":"MatFormFieldModule","line":20,"character":4},{"__symbolic":"reference","module":"@angular/material/icon","name":"MatIconModule","line":21,"character":4},{"__symbolic":"reference","module":"@angular/material/input","name":"MatInputModule","line":22,"character":4}],"exports":[{"__symbolic":"reference","name":"MultipleDatesComponent"}]}]}],"members":{}}},"origins":{"MultipleDatesComponent":"./lib/components/multiple-dates/multiple-dates.component","DateClass":"./lib/models/date-class.model","NgxMultipleDatesModule":"./lib/ngx-multiple-dates.module"},"importAs":"ngx-multiple-dates"}