{"__symbolic":"module","version":4,"metadata":{"RegisteredMessage":{"__symbolic":"interface"},"MESSAGES_CONTAINER_ID":"cdk-describedby-message-container","CDK_DESCRIBEDBY_ID_PREFIX":"cdk-describedby-message","CDK_DESCRIBEDBY_HOST_ATTRIBUTE":"cdk-describedby-host","AriaDescriber":{"__symbolic":"class","decorators":[{"__symbolic":"call","expression":{"__symbolic":"reference","module":"@angular/core","name":"Injectable","line":48,"character":1},"arguments":[{"providedIn":"root"}]}],"members":{"__ctor__":[{"__symbolic":"constructor","parameterDecorators":[[{"__symbolic":"call","expression":{"__symbolic":"reference","module":"@angular/core","name":"Inject","line":53,"character":5},"arguments":[{"__symbolic":"reference","module":"@angular/common","name":"DOCUMENT","line":53,"character":12}]}]],"parameters":[{"__symbolic":"reference","name":"any"}]}],"describe":[{"__symbolic":"method"},{"__symbolic":"method"},{"__symbolic":"method"}],"removeDescription":[{"__symbolic":"method"},{"__symbolic":"method"},{"__symbolic":"method"}],"ngOnDestroy":[{"__symbolic":"method"}],"_createMessageElement":[{"__symbolic":"method"}],"_deleteMessageElement":[{"__symbolic":"method"}],"_createMessagesContainer":[{"__symbolic":"method"}],"_deleteMessagesContainer":[{"__symbolic":"method"}],"_removeCdkDescribedByReferenceIds":[{"__symbolic":"method"}],"_addMessageReference":[{"__symbolic":"method"}],"_removeMessageReference":[{"__symbolic":"method"}],"_isElementDescribedByMessage":[{"__symbolic":"method"}],"_canBeDescribed":[{"__symbolic":"method"}],"_isElementNode":[{"__symbolic":"method"}]},"statics":{"ɵprov":{}}},"Highlightable":{"__symbolic":"interface"},"ActiveDescendantKeyManager":{"__symbolic":"class","arity":1,"extends":{"__symbolic":"reference","name":"ListKeyManager"},"members":{"setActiveItem":[{"__symbolic":"method"},{"__symbolic":"method"},{"__symbolic":"method"}]}},"FocusableOption":{"__symbolic":"interface"},"FocusKeyManager":{"__symbolic":"class","arity":1,"extends":{"__symbolic":"reference","name":"ListKeyManager"},"members":{"setFocusOrigin":[{"__symbolic":"method"}],"setActiveItem":[{"__symbolic":"method"},{"__symbolic":"method"},{"__symbolic":"method"}]}},"ListKeyManagerOption":{"__symbolic":"interface"},"ListKeyManagerModifierKey":{"__symbolic":"interface"},"ListKeyManager":{"__symbolic":"class","arity":1,"members":{"__ctor__":[{"__symbolic":"constructor","parameters":[{"__symbolic":"reference","name":"QueryList","module":"@angular/core","arguments":[{"__symbolic":"error","message":"Could not resolve type","line":62,"character":40,"context":{"typeName":"T"},"module":"./key-manager/list-key-manager"}]}]}],"skipPredicate":[{"__symbolic":"method"}],"withWrap":[{"__symbolic":"method"}],"withVerticalOrientation":[{"__symbolic":"method"}],"withHorizontalOrientation":[{"__symbolic":"method"}],"withAllowedModifierKeys":[{"__symbolic":"method"}],"withTypeAhead":[{"__symbolic":"method"}],"withHomeAndEnd":[{"__symbolic":"method"}],"setActiveItem":[{"__symbolic":"method"},{"__symbolic":"method"},{"__symbolic":"method"}],"onKeydown":[{"__symbolic":"method"}],"isTyping":[{"__symbolic":"method"}],"setFirstItemActive":[{"__symbolic":"method"}],"setLastItemActive":[{"__symbolic":"method"}],"setNextItemActive":[{"__symbolic":"method"}],"setPreviousItemActive":[{"__symbolic":"method"}],"updateActiveItem":[{"__symbolic":"method"},{"__symbolic":"method"},{"__symbolic":"method"}],"_setActiveItemByDelta":[{"__symbolic":"method"}],"_setActiveInWrapMode":[{"__symbolic":"method"}],"_setActiveInDefaultMode":[{"__symbolic":"method"}],"_setActiveItemByIndex":[{"__symbolic":"method"}],"_getItemsArray":[{"__symbolic":"method"}]}},"ConfigurableFocusTrap":{"__symbolic":"class","extends":{"__symbolic":"reference","name":"FocusTrap"},"members":{"__ctor__":[{"__symbolic":"constructor","parameters":[{"__symbolic":"error","message":"Could not resolve type","line":34,"character":14,"context":{"typeName":"HTMLElement"},"module":"./focus-trap/configurable-focus-trap"},{"__symbolic":"reference","name":"InteractivityChecker"},{"__symbolic":"reference","module":"@angular/core","name":"NgZone","line":36,"character":13},{"__symbolic":"error","message":"Could not resolve type","line":37,"character":15,"context":{"typeName":"Document"},"module":"./focus-trap/configurable-focus-trap"},{"__symbolic":"reference","name":"ɵangular_material_src_cdk_a11y_a11y_a"},{"__symbolic":"reference","name":"FocusTrapInertStrategy"},{"__symbolic":"reference","name":"ConfigurableFocusTrapConfig"}]}],"destroy":[{"__symbolic":"method"}],"_enable":[{"__symbolic":"method"}],"_disable":[{"__symbolic":"method"}]}},"ConfigurableFocusTrapConfig":{"__symbolic":"interface"},"ConfigurableFocusTrapFactory":{"__symbolic":"class","decorators":[{"__symbolic":"call","expression":{"__symbolic":"reference","module":"@angular/core","name":"Injectable","line":23,"character":1},"arguments":[{"providedIn":"root"}]}],"members":{"__ctor__":[{"__symbolic":"constructor","parameterDecorators":[null,null,null,[{"__symbolic":"call","expression":{"__symbolic":"reference","module":"@angular/core","name":"Inject","line":32,"character":7},"arguments":[{"__symbolic":"reference","module":"@angular/common","name":"DOCUMENT","line":32,"character":14}]}],[{"__symbolic":"call","expression":{"__symbolic":"reference","module":"@angular/core","name":"Optional","line":33,"character":7}},{"__symbolic":"call","expression":{"__symbolic":"reference","module":"@angular/core","name":"Inject","line":33,"character":19},"arguments":[{"__symbolic":"reference","name":"FOCUS_TRAP_INERT_STRATEGY"}]}]],"parameters":[{"__symbolic":"reference","name":"InteractivityChecker"},{"__symbolic":"reference","module":"@angular/core","name":"NgZone","line":30,"character":23},{"__symbolic":"reference","name":"ɵangular_material_src_cdk_a11y_a11y_a"},{"__symbolic":"reference","name":"any"},{"__symbolic":"reference","name":"FocusTrapInertStrategy"}]}],"create":[{"__symbolic":"method"},{"__symbolic":"method"},{"__symbolic":"method"}]},"statics":{"ɵprov":{}}},"EventListenerFocusTrapInertStrategy":{"__symbolic":"class","members":{"preventFocus":[{"__symbolic":"method"}],"allowFocus":[{"__symbolic":"method"}],"_trapFocus":[{"__symbolic":"method"}]}},"FocusTrap":{"__symbolic":"class","members":{"__ctor__":[{"__symbolic":"constructor","parameters":[{"__symbolic":"error","message":"Could not resolve type","line":60,"character":23,"context":{"typeName":"HTMLElement"},"module":"./focus-trap/focus-trap"},{"__symbolic":"reference","name":"InteractivityChecker"},{"__symbolic":"reference","module":"@angular/core","name":"NgZone","line":62,"character":22},{"__symbolic":"error","message":"Could not resolve type","line":63,"character":24,"context":{"typeName":"Document"},"module":"./focus-trap/focus-trap"},null]}],"destroy":[{"__symbolic":"method"}],"attachAnchors":[{"__symbolic":"method"}],"focusInitialElementWhenReady":[{"__symbolic":"method"}],"focusFirstTabbableElementWhenReady":[{"__symbolic":"method"}],"focusLastTabbableElementWhenReady":[{"__symbolic":"method"}],"_getRegionBoundary":[{"__symbolic":"method"}],"focusInitialElement":[{"__symbolic":"method"}],"focusFirstTabbableElement":[{"__symbolic":"method"}],"focusLastTabbableElement":[{"__symbolic":"method"}],"hasAttached":[{"__symbolic":"method"}],"_getFirstTabbableElement":[{"__symbolic":"method"}],"_getLastTabbableElement":[{"__symbolic":"method"}],"_createAnchor":[{"__symbolic":"method"}],"_toggleAnchorTabIndex":[{"__symbolic":"method"}],"toggleAnchors":[{"__symbolic":"method"}],"_executeOnStable":[{"__symbolic":"method"}]}},"FocusTrapFactory":{"__symbolic":"class","decorators":[{"__symbolic":"call","expression":{"__symbolic":"reference","module":"@angular/core","name":"Injectable","line":360,"character":1},"arguments":[{"providedIn":"root"}]}],"members":{"__ctor__":[{"__symbolic":"constructor","parameterDecorators":[null,null,[{"__symbolic":"call","expression":{"__symbolic":"reference","module":"@angular/core","name":"Inject","line":367,"character":7},"arguments":[{"__symbolic":"reference","module":"@angular/common","name":"DOCUMENT","line":367,"character":14}]}]],"parameters":[{"__symbolic":"reference","name":"InteractivityChecker"},{"__symbolic":"reference","module":"@angular/core","name":"NgZone","line":62,"character":22},{"__symbolic":"reference","name":"any"}]}],"create":[{"__symbolic":"method"}]},"statics":{"ɵprov":{}}},"CdkTrapFocus":{"__symbolic":"class","decorators":[{"__symbolic":"call","expression":{"__symbolic":"reference","module":"@angular/core","name":"Directive","line":386,"character":1},"arguments":[{"selector":"[cdkTrapFocus]","exportAs":"cdkTrapFocus"}]}],"members":{"enabled":[{"__symbolic":"property","decorators":[{"__symbolic":"call","expression":{"__symbolic":"reference","module":"@angular/core","name":"Input","line":398,"character":3},"arguments":["cdkTrapFocus"]}]}],"autoCapture":[{"__symbolic":"property","decorators":[{"__symbolic":"call","expression":{"__symbolic":"reference","module":"@angular/core","name":"Input","line":406,"character":3},"arguments":["cdkTrapFocusAutoCapture"]}]}],"__ctor__":[{"__symbolic":"constructor","parameterDecorators":[null,null,[{"__symbolic":"call","expression":{"__symbolic":"reference","module":"@angular/core","name":"Inject","line":418,"character":7},"arguments":[{"__symbolic":"reference","module":"@angular/common","name":"DOCUMENT","line":418,"character":14}]}]],"parameters":[{"__symbolic":"reference","name":"ElementRef","module":"@angular/core","arguments":[{"__symbolic":"error","message":"Could not resolve type","line":412,"character":38,"context":{"typeName":"HTMLElement"},"module":"./focus-trap/focus-trap"}]},{"__symbolic":"reference","name":"FocusTrapFactory"},{"__symbolic":"reference","name":"any"}]}],"ngOnDestroy":[{"__symbolic":"method"}],"ngAfterContentInit":[{"__symbolic":"method"}],"ngDoCheck":[{"__symbolic":"method"}],"ngOnChanges":[{"__symbolic":"method"}],"_captureFocus":[{"__symbolic":"method"}]}},"FOCUS_TRAP_INERT_STRATEGY":{"__symbolic":"new","expression":{"__symbolic":"reference","module":"@angular/core","name":"InjectionToken","line":14,"character":6},"arguments":["FOCUS_TRAP_INERT_STRATEGY"]},"FocusTrapInertStrategy":{"__symbolic":"interface"},"IsFocusableConfig":{"__symbolic":"class","members":{}},"InteractivityChecker":{"__symbolic":"class","decorators":[{"__symbolic":"call","expression":{"__symbolic":"reference","module":"@angular/core","name":"Injectable","line":29,"character":1},"arguments":[{"providedIn":"root"}]}],"members":{"__ctor__":[{"__symbolic":"constructor","parameters":[{"__symbolic":"reference","module":"@angular/cdk/platform","name":"Platform","line":32,"character":33}]}],"isDisabled":[{"__symbolic":"method"}],"isVisible":[{"__symbolic":"method"}],"isTabbable":[{"__symbolic":"method"}],"isFocusable":[{"__symbolic":"method"}]},"statics":{"ɵprov":{}}},"InputModality":{"__symbolic":"interface"},"InputModalityDetector":{"__symbolic":"class","decorators":[{"__symbolic":"call","expression":{"__symbolic":"reference","module":"@angular/core","name":"Injectable","line":89,"character":1},"arguments":[{"providedIn":"root"}]}],"members":{"__ctor__":[{"__symbolic":"constructor","parameterDecorators":[null,null,[{"__symbolic":"call","expression":{"__symbolic":"reference","module":"@angular/core","name":"Inject","line":172,"character":7},"arguments":[{"__symbolic":"reference","module":"@angular/common","name":"DOCUMENT","line":172,"character":14}]}],[{"__symbolic":"call","expression":{"__symbolic":"reference","module":"@angular/core","name":"Optional","line":173,"character":7}},{"__symbolic":"call","expression":{"__symbolic":"reference","module":"@angular/core","name":"Inject","line":173,"character":19},"arguments":[{"__symbolic":"reference","name":"INPUT_MODALITY_DETECTOR_OPTIONS"}]}]],"parameters":[{"__symbolic":"reference","module":"@angular/cdk/platform","name":"Platform","line":170,"character":34},{"__symbolic":"reference","module":"@angular/core","name":"NgZone","line":171,"character":14},{"__symbolic":"error","message":"Could not resolve type","line":172,"character":34,"context":{"typeName":"Document"},"module":"./input-modality/input-modality-detector"},{"__symbolic":"reference","name":"any"}]}],"ngOnDestroy":[{"__symbolic":"method"}]},"statics":{"ɵprov":{}}},"InputModalityDetectorOptions":{"__symbolic":"interface"},"INPUT_MODALITY_DETECTOR_DEFAULT_OPTIONS":{"ignoreKeys":[{"__symbolic":"reference","module":"@angular/cdk/keycodes","name":"ALT","line":54,"character":15},{"__symbolic":"reference","module":"@angular/cdk/keycodes","name":"CONTROL","line":54,"character":20},{"__symbolic":"reference","module":"@angular/cdk/keycodes","name":"MAC_META","line":54,"character":29},{"__symbolic":"reference","module":"@angular/cdk/keycodes","name":"META","line":54,"character":39},{"__symbolic":"reference","module":"@angular/cdk/keycodes","name":"SHIFT","line":54,"character":45}]},"INPUT_MODALITY_DETECTOR_OPTIONS":{"__symbolic":"new","expression":{"__symbolic":"reference","module":"@angular/core","name":"InjectionToken","line":35,"character":6},"arguments":["cdk-input-modality-detector-options"]},"LiveAnnouncer":{"__symbolic":"class","decorators":[{"__symbolic":"call","expression":{"__symbolic":"reference","module":"@angular/core","name":"Injectable","line":29,"character":1},"arguments":[{"providedIn":"root"}]}],"members":{"__ctor__":[{"__symbolic":"constructor","parameterDecorators":[[{"__symbolic":"call","expression":{"__symbolic":"reference","module":"@angular/core","name":"Optional","line":36,"character":7}},{"__symbolic":"call","expression":{"__symbolic":"reference","module":"@angular/core","name":"Inject","line":36,"character":19},"arguments":[{"__symbolic":"reference","name":"LIVE_ANNOUNCER_ELEMENT_TOKEN"}]}],null,[{"__symbolic":"call","expression":{"__symbolic":"reference","module":"@angular/core","name":"Inject","line":38,"character":7},"arguments":[{"__symbolic":"reference","module":"@angular/common","name":"DOCUMENT","line":38,"character":14}]}],[{"__symbolic":"call","expression":{"__symbolic":"reference","module":"@angular/core","name":"Optional","line":39,"character":7}},{"__symbolic":"call","expression":{"__symbolic":"reference","module":"@angular/core","name":"Inject","line":39,"character":19},"arguments":[{"__symbolic":"reference","name":"LIVE_ANNOUNCER_DEFAULT_OPTIONS"}]}]],"parameters":[{"__symbolic":"reference","name":"any"},{"__symbolic":"reference","module":"@angular/core","name":"NgZone","line":37,"character":23},{"__symbolic":"reference","name":"any"},{"__symbolic":"reference","name":"LiveAnnouncerDefaultOptions"}]}],"announce":[{"__symbolic":"method"},{"__symbolic":"method"},{"__symbolic":"method"},{"__symbolic":"method"},{"__symbolic":"method"}],"clear":[{"__symbolic":"method"}],"ngOnDestroy":[{"__symbolic":"method"}],"_createLiveElement":[{"__symbolic":"method"}]},"statics":{"ɵprov":{}}},"CdkAriaLive":{"__symbolic":"class","decorators":[{"__symbolic":"call","expression":{"__symbolic":"reference","module":"@angular/core","name":"Directive","line":179,"character":1},"arguments":[{"selector":"[cdkAriaLive]","exportAs":"cdkAriaLive"}]}],"members":{"politeness":[{"__symbolic":"property","decorators":[{"__symbolic":"call","expression":{"__symbolic":"reference","module":"@angular/core","name":"Input","line":185,"character":3},"arguments":["cdkAriaLive"]}]}],"__ctor__":[{"__symbolic":"constructor","parameters":[{"__symbolic":"reference","module":"@angular/core","name":"ElementRef","line":217,"character":35},{"__symbolic":"reference","name":"LiveAnnouncer"},{"__symbolic":"reference","module":"@angular/cdk/observers","name":"ContentObserver","line":218,"character":40},{"__symbolic":"reference","module":"@angular/core","name":"NgZone","line":37,"character":23}]}],"ngOnDestroy":[{"__symbolic":"method"}]}},"AriaLivePoliteness":{"__symbolic":"interface"},"LIVE_ANNOUNCER_ELEMENT_TOKEN":{"__symbolic":"new","expression":{"__symbolic":"reference","module":"@angular/core","name":"InjectionToken","line":17,"character":8},"arguments":["liveAnnouncerElement",{"providedIn":"root","factory":{"__symbolic":"reference","name":"LIVE_ANNOUNCER_ELEMENT_TOKEN_FACTORY"}}]},"LIVE_ANNOUNCER_ELEMENT_TOKEN_FACTORY":{"__symbolic":"function","parameters":[],"value":null},"LiveAnnouncerDefaultOptions":{"__symbolic":"interface"},"LIVE_ANNOUNCER_DEFAULT_OPTIONS":{"__symbolic":"new","expression":{"__symbolic":"reference","module":"@angular/core","name":"InjectionToken","line":38,"character":8},"arguments":["LIVE_ANNOUNCER_DEFAULT_OPTIONS"]},"FocusOrigin":{"__symbolic":"interface"},"FocusOptions":{"__symbolic":"interface"},"FocusMonitorDetectionMode":{"IMMEDIATE":0,"EVENTUAL":1},"FocusMonitorOptions":{"__symbolic":"interface"},"FOCUS_MONITOR_DEFAULT_OPTIONS":{"__symbolic":"new","expression":{"__symbolic":"reference","module":"@angular/core","name":"InjectionToken","line":66,"character":8},"arguments":["cdk-focus-monitor-default-options"]},"FocusMonitor":{"__symbolic":"class","decorators":[{"__symbolic":"call","expression":{"__symbolic":"reference","module":"@angular/core","name":"Injectable","line":85,"character":1},"arguments":[{"providedIn":"root"}]}],"members":{"__ctor__":[{"__symbolic":"constructor","parameterDecorators":[null,null,null,[{"__symbolic":"call","expression":{"__symbolic":"reference","module":"@angular/core","name":"Optional","line":150,"character":7}},{"__symbolic":"call","expression":{"__symbolic":"reference","module":"@angular/core","name":"Inject","line":150,"character":19},"arguments":[{"__symbolic":"reference","module":"@angular/common","name":"DOCUMENT","line":150,"character":26}]}],[{"__symbolic":"call","expression":{"__symbolic":"reference","module":"@angular/core","name":"Optional","line":151,"character":7}},{"__symbolic":"call","expression":{"__symbolic":"reference","module":"@angular/core","name":"Inject","line":151,"character":19},"arguments":[{"__symbolic":"reference","name":"FOCUS_MONITOR_DEFAULT_OPTIONS"}]}]],"parameters":[{"__symbolic":"reference","module":"@angular/core","name":"NgZone","line":146,"character":23},{"__symbolic":"reference","module":"@angular/cdk/platform","name":"Platform","line":147,"character":25},{"__symbolic":"reference","name":"InputModalityDetector"},{"__symbolic":"reference","name":"any"},{"__symbolic":"reference","name":"any"}]}],"monitor":[{"__symbolic":"method"},{"__symbolic":"method"},{"__symbolic":"method"}],"stopMonitoring":[{"__symbolic":"method"},{"__symbolic":"method"},{"__symbolic":"method"}],"focusVia":[{"__symbolic":"method"},{"__symbolic":"method"},{"__symbolic":"method"}],"ngOnDestroy":[{"__symbolic":"method"}],"_getDocument":[{"__symbolic":"method"}],"_getWindow":[{"__symbolic":"method"}],"_toggleClass":[{"__symbolic":"method"}],"_getFocusOrigin":[{"__symbolic":"method"}],"_shouldBeAttributedToTouch":[{"__symbolic":"method"}],"_setClasses":[{"__symbolic":"method"}],"_setOrigin":[{"__symbolic":"method"}],"_onFocus":[{"__symbolic":"method"}],"_onBlur":[{"__symbolic":"method"}],"_emitOrigin":[{"__symbolic":"method"}],"_registerGlobalListeners":[{"__symbolic":"method"}],"_removeGlobalListeners":[{"__symbolic":"method"}],"_originChanged":[{"__symbolic":"method"}],"_getClosestElementsInfo":[{"__symbolic":"method"}]},"statics":{"ɵprov":{}}},"CdkMonitorFocus":{"__symbolic":"class","decorators":[{"__symbolic":"call","expression":{"__symbolic":"reference","module":"@angular/core","name":"Directive","line":544,"character":1},"arguments":[{"selector":"[cdkMonitorElementFocus], [cdkMonitorSubtreeFocus]"}]}],"members":{"cdkFocusChange":[{"__symbolic":"property","decorators":[{"__symbolic":"call","expression":{"__symbolic":"reference","module":"@angular/core","name":"Output","line":549,"character":3}}]}],"__ctor__":[{"__symbolic":"constructor","parameters":[{"__symbolic":"reference","name":"ElementRef","module":"@angular/core","arguments":[{"__symbolic":"error","message":"Could not resolve type","line":551,"character":46,"context":{"typeName":"HTMLElement"},"module":"./focus-monitor/focus-monitor"}]},{"__symbolic":"reference","name":"FocusMonitor"}]}],"ngAfterViewInit":[{"__symbolic":"method"}],"ngOnDestroy":[{"__symbolic":"method"}]}},"isFakeMousedownFromScreenReader":{"__symbolic":"function","parameters":["event"],"value":{"__symbolic":"binop","operator":"===","left":{"__symbolic":"select","expression":{"__symbolic":"reference","name":"event"},"member":"buttons"},"right":0}},"isFakeTouchstartFromScreenReader":{"__symbolic":"function"},"A11yModule":{"__symbolic":"class","decorators":[{"__symbolic":"call","expression":{"__symbolic":"reference","module":"@angular/core","name":"NgModule","line":17,"character":1},"arguments":[{"imports":[{"__symbolic":"reference","module":"@angular/cdk/platform","name":"PlatformModule","line":18,"character":12},{"__symbolic":"reference","module":"@angular/cdk/observers","name":"ObserversModule","line":18,"character":28}],"declarations":[{"__symbolic":"reference","name":"CdkAriaLive"},{"__symbolic":"reference","name":"CdkTrapFocus"},{"__symbolic":"reference","name":"CdkMonitorFocus"}],"exports":[{"__symbolic":"reference","name":"CdkAriaLive"},{"__symbolic":"reference","name":"CdkTrapFocus"},{"__symbolic":"reference","name":"CdkMonitorFocus"}]}]}],"members":{"__ctor__":[{"__symbolic":"constructor","parameters":[{"__symbolic":"reference","name":"HighContrastModeDetector"}]}]}},"HighContrastModeDetector":{"__symbolic":"class","decorators":[{"__symbolic":"call","expression":{"__symbolic":"reference","module":"@angular/core","name":"Injectable","line":40,"character":1},"arguments":[{"providedIn":"root"}]}],"members":{"__ctor__":[{"__symbolic":"constructor","parameterDecorators":[null,[{"__symbolic":"call","expression":{"__symbolic":"reference","module":"@angular/core","name":"Inject","line":49,"character":44},"arguments":[{"__symbolic":"reference","module":"@angular/common","name":"DOCUMENT","line":49,"character":51}]}]],"parameters":[{"__symbolic":"reference","module":"@angular/cdk/platform","name":"Platform","line":49,"character":33},{"__symbolic":"reference","name":"any"}]}],"getHighContrastMode":[{"__symbolic":"method"}],"_applyBodyHighContrastModeCssClasses":[{"__symbolic":"method"}]},"statics":{"ɵprov":{}}},"HighContrastMode":{"NONE":0,"BLACK_ON_WHITE":1,"WHITE_ON_BLACK":2},"ɵangular_material_src_cdk_a11y_a11y_a":{"__symbolic":"class","decorators":[{"__symbolic":"call","expression":{"__symbolic":"reference","module":"@angular/core","name":"Injectable","line":21,"character":1},"arguments":[{"providedIn":"root"}]}],"members":{"register":[{"__symbolic":"method"}],"deregister":[{"__symbolic":"method"}]},"statics":{"ɵprov":{}}}},"origins":{"RegisteredMessage":"./aria-describer/aria-describer","MESSAGES_CONTAINER_ID":"./aria-describer/aria-describer","CDK_DESCRIBEDBY_ID_PREFIX":"./aria-describer/aria-describer","CDK_DESCRIBEDBY_HOST_ATTRIBUTE":"./aria-describer/aria-describer","AriaDescriber":"./aria-describer/aria-describer","Highlightable":"./key-manager/activedescendant-key-manager","ActiveDescendantKeyManager":"./key-manager/activedescendant-key-manager","FocusableOption":"./key-manager/focus-key-manager","FocusKeyManager":"./key-manager/focus-key-manager","ListKeyManagerOption":"./key-manager/list-key-manager","ListKeyManagerModifierKey":"./key-manager/list-key-manager","ListKeyManager":"./key-manager/list-key-manager","ConfigurableFocusTrap":"./focus-trap/configurable-focus-trap","ConfigurableFocusTrapConfig":"./focus-trap/configurable-focus-trap-config","ConfigurableFocusTrapFactory":"./focus-trap/configurable-focus-trap-factory","EventListenerFocusTrapInertStrategy":"./focus-trap/event-listener-inert-strategy","FocusTrap":"./focus-trap/focus-trap","FocusTrapFactory":"./focus-trap/focus-trap","CdkTrapFocus":"./focus-trap/focus-trap","FOCUS_TRAP_INERT_STRATEGY":"./focus-trap/focus-trap-inert-strategy","FocusTrapInertStrategy":"./focus-trap/focus-trap-inert-strategy","IsFocusableConfig":"./interactivity-checker/interactivity-checker","InteractivityChecker":"./interactivity-checker/interactivity-checker","InputModality":"./input-modality/input-modality-detector","InputModalityDetector":"./input-modality/input-modality-detector","InputModalityDetectorOptions":"./input-modality/input-modality-detector","INPUT_MODALITY_DETECTOR_DEFAULT_OPTIONS":"./input-modality/input-modality-detector","INPUT_MODALITY_DETECTOR_OPTIONS":"./input-modality/input-modality-detector","LiveAnnouncer":"./live-announcer/live-announcer","CdkAriaLive":"./live-announcer/live-announcer","AriaLivePoliteness":"./live-announcer/live-announcer-tokens","LIVE_ANNOUNCER_ELEMENT_TOKEN":"./live-announcer/live-announcer-tokens","LIVE_ANNOUNCER_ELEMENT_TOKEN_FACTORY":"./live-announcer/live-announcer-tokens","LiveAnnouncerDefaultOptions":"./live-announcer/live-announcer-tokens","LIVE_ANNOUNCER_DEFAULT_OPTIONS":"./live-announcer/live-announcer-tokens","FocusOrigin":"./focus-monitor/focus-monitor","FocusOptions":"./focus-monitor/focus-monitor","FocusMonitorDetectionMode":"./focus-monitor/focus-monitor","FocusMonitorOptions":"./focus-monitor/focus-monitor","FOCUS_MONITOR_DEFAULT_OPTIONS":"./focus-monitor/focus-monitor","FocusMonitor":"./focus-monitor/focus-monitor","CdkMonitorFocus":"./focus-monitor/focus-monitor","isFakeMousedownFromScreenReader":"./fake-event-detection","isFakeTouchstartFromScreenReader":"./fake-event-detection","A11yModule":"./a11y-module","HighContrastModeDetector":"./high-contrast-mode/high-contrast-mode-detector","HighContrastMode":"./high-contrast-mode/high-contrast-mode-detector","ɵangular_material_src_cdk_a11y_a11y_a":"./focus-trap/focus-trap-manager"},"importAs":"@angular/cdk/a11y"}